Time,Temperature
0,29.9
1,29.9
2,29.9
3,29.9
4,29.9
5,29.9
6,29.9
7,29.8
8,29.9
9,29.8
10,29.8
11,29.8
12,29.8
13,29.8
14,29.9
15,29.8
16,29.8
17,29.9
18,29.8
19,29.8
20,29.8
21,29.9
22,29.9
23,29.9
24,29.9
25,29.8
26,29.8
27,29.8
28,29.8
29,29.8
30,29.8
31,29.8
32,29.9
33,29.8
34,29.8
35,29.8
36,29.8
37,29.8
38,29.8
39,29.8
40,29.8
41,29.9
42,29.9
43,29.8
44,29.8
45,29.9
46,29.8
47,29.8
48,29.8
49,29.8
50,29.8
51,29.8
52,29.8
53,29.8
54,29.8
55,29.9
56,29.9
57,29.9
58,29.9
59,29.8
60,29.8
61,29.8
62,29.9
63,29.9
64,29.8
65,29.8
66,29.8
67,29.8
68,29.8
69,29.8
70,29.9
71,29.8
72,29.9
73,29.8
74,29.8
75,29.9
76,29.8
77,29.8
78,29.8
79,29.8
80,29.8
81,29.8
82,29.8
83,29.8
84,29.8
85,29.8
86,29.8
87,29.8
88,29.8
89,29.9
90,29.8
91,29.8
92,29.8
93,29.8
94,29.8
95,29.8
96,29.8
97,29.8
98,29.8
99,29.8
100,29.8
101,29.8
102,29.8
103,29.8
104,29.8
105,29.8
106,29.8
107,29.8
108,29.8
109,29.8
110,29.8
111,29.8
112,29.8
113,29.8
114,29.8
115,29.8
116,29.8
117,29.8
118,29.8
119,29.8
120,29.8
121,29.8
122,29.8
123,29.8
124,29.8
125,29.8
126,29.8
127,29.8
128,29.8
129,29.8
130,29.8
131,29.8
132,29.8
133,29.8
134,29.8
135,29.8
136,29.8
137,29.8
138,29.8
139,29.8
140,29.8
141,29.8
142,29.8
143,29.8
144,29.8
145,29.8
146,29.8
147,29.8
148,29.8
149,29.8
150,29.8
151,29.8
152,29.8
153,29.8
154,29.8
155,29.8
156,29.8
157,29.8
158,29.8
159,29.8
160,29.8
161,29.8
162,29.8
163,29.8
164,29.8
165,29.8
166,29.8
167,29.8
168,29.8
169,29.8
170,29.8
171,29.8
172,29.8
173,29.8
174,29.8
175,29.8
176,29.8
177,29.8
178,29.8
179,29.8
180,29.8
181,29.8
182,29.8
183,29.8
184,29.8
185,29.8
186,29.8
187,29.8
188,29.8
189,29.8
190,29.8
191,29.8
192,29.8
193,29.8
194,29.8
195,29.8
196,29.8
197,29.8
198,29.8
199,29.8
200,29.8
201,29.8
202,29.8
203,29.8
204,29.8
205,29.8
206,29.8
207,29.8
208,29.8
209,29.8
210,29.8
211,29.8
212,29.8
213,29.8
214,29.8
215,29.8
216,29.8
217,29.8
218,29.8
219,29.8
220,29.8
221,29.8
222,29.8
223,29.8
224,29.8
225,29.8
226,29.8
227,29.8
228,29.8
229,29.8
230,29.8
231,29.8
232,29.8
233,29.8
234,29.8
235,29.8
236,29.8
237,29.8
238,29.8
239,29.8
240,29.8
241,29.8
242,29.8
243,29.8
244,29.8
245,29.8
246,29.8
247,29.8
248,29.8
249,29.8
250,29.8
251,29.8
252,29.8
253,29.8
254,29.8
255,29.8
256,29.8
257,29.8
258,29.8
259,29.8
260,29.8
261,29.8
262,29.8
263,29.8
264,29.8
265,29.8
266,29.8
267,29.8
268,29.8
269,29.8
270,29.8
271,29.8
272,29.8
273,29.8
274,29.8
275,29.8
276,29.8
277,29.8
278,29.8
279,29.8
280,29.8
281,29.8
282,29.8
283,29.8
284,29.8
285,29.8
286,29.8
287,29.8
288,29.8
289,29.8
290,29.8
291,29.8
292,29.8
293,29.8
294,29.8
295,29.8
296,29.8
297,29.8
298,29.8
299,29.8
300,29.8
301,29.8
302,29.8
303,29.8
304,29.8
305,29.8
306,29.8
307,29.8
308,29.8
309,29.8
310,29.8
311,29.8
312,29.8
313,29.8
314,29.8
315,29.8
316,29.8
317,29.8
318,29.8
319,29.8
320,29.8
321,29.8
322,29.8
323,29.8
324,29.8
325,29.8
326,29.8
327,29.8
328,29.8
329,29.8
330,29.8
331,29.8
332,29.8
333,29.8
334,29.8
335,29.8
336,29.8
337,29.8
338,29.8
339,29.8
340,29.8
341,29.8
342,29.8
343,29.8
344,29.8
345,29.8
346,29.8
347,29.8
348,29.8
349,29.8
350,29.8
351,29.8
352,29.8
353,29.8
354,29.8
355,29.8
356,29.8
357,29.8
358,29.8
359,29.8
360,29.8
361,29.8
362,29.8
363,29.8
364,29.8
365,29.8
366,29.8
367,29.8
368,29.8
369,29.8
370,29.8
371,29.8
372,29.8
373,29.8
374,29.8
375,29.8
376,29.8
377,29.8
378,29.8
379,29.8
380,29.8
381,29.8
382,29.8
383,29.8
384,29.8
385,29.8
386,29.8
387,29.8
388,29.8
389,29.8
390,29.8
391,29.8
392,29.8
393,29.8
394,29.8
395,29.8
396,29.8
397,29.8
398,29.8
399,29.8
400,29.8
401,29.8
402,29.8
403,29.8
404,29.8
405,29.8
406,29.8
407,29.8
408,29.8
409,29.8
410,29.8
411,29.8
412,29.8
413,29.8
414,29.8
415,29.8
416,29.8
417,29.8
418,29.8
419,29.8
420,29.8
421,29.8
422,29.8
423,29.8
424,29.8
425,29.8
426,29.8
427,29.8
428,29.8
429,29.8
430,29.8
431,29.8
432,29.8
433,29.8
434,29.8
435,29.8
436,29.8
437,29.8
438,29.8
439,29.8
440,29.8
441,29.8
442,29.8
443,29.8
444,29.8
445,29.8
446,29.8
447,29.8
448,29.8
449,29.8
450,29.9
451,29.9
452,29.9
453,30.0
454,30.1
455,30.3
456,30.4
457,30.4
458,30.3
459,30.3
460,30.2
461,30.2
462,30.2
463,30.1
464,30.1
465,30.0
466,30.0
467,30.0
468,30.0
469,30.0
470,29.9
471,30.0
472,29.9
473,29.9
474,29.9
475,29.9
476,29.9
477,29.9
478,29.9
479,29.9
480,29.9
481,29.8
482,29.9
483,29.8
484,29.8
485,29.8
486,29.9
487,29.9
488,29.9
489,29.9
490,29.9
491,29.9
492,29.9
493,29.9
494,29.9
495,29.9
496,29.9
497,29.9
498,29.9
499,29.9
500,30.0
501,31.3
502,33.0
503,34.2
504,38.4
505,44.7
506,50.2
507,53.5
508,55.3
509,56.4
510,57.8
511,58.8
512,57.9
513,55.7
514,53.2
515,50.9
516,48.7
517,46.7
518,45.0
519,43.5
520,42.2
521,41.2
522,40.3
523,39.5
524,39.1
525,38.7
526,38.2
527,37.7
528,37.4
529,37.0
530,36.8
531,36.9
532,36.9
533,37.2
534,37.5
535,37.7
536,37.8
537,38.0
538,38.1
539,38.2
540,38.2
541,38.2
542,38.3
543,38.4
544,38.5
545,38.5
546,38.4
547,38.4
548,38.4
549,38.5
550,38.7
551,39.3
552,39.8
553,40.5
554,41.3
555,41.8
556,42.2
557,42.3
558,42.3
559,42.8
560,43.1
561,43.5
562,43.6
563,43.7
564,43.9
565,43.9
566,44.0
567,44.1
568,44.0
569,43.4
570,42.9
571,42.2
572,41.4
573,40.5
574,39.8
575,39.1
576,38.5
577,37.9
578,37.4
579,36.9
580,36.5
581,36.1
582,35.8
583,35.5
584,35.2
585,34.9
586,34.6
587,34.4
588,34.4
589,34.3
590,34.1
591,34.0
592,34.0
593,33.9
594,33.8
595,33.7
596,33.6
597,33.5
598,33.5
599,33.4
600,33.3
601,33.2
602,33.1
603,33.0
604,32.9
605,32.8
606,32.7
607,32.7
608,32.7
609,32.6
610,32.6
611,32.5
612,32.5
613,32.5
614,32.4
615,32.4
616,32.4
617,32.4
618,32.4
619,32.3
620,32.3
621,32.2
622,32.2
623,32.2
624,32.2
625,32.2
626,32.1
627,32.1
628,32.0
629,32.0
630,31.9
631,31.9
632,31.9
633,31.9
634,31.9
635,31.9
636,31.9
637,31.9
638,31.8
639,31.8
640,31.8
641,31.8
642,31.7
643,31.7
644,31.7
645,31.7
646,31.7
647,31.7
648,31.7
649,31.6
650,31.6
651,31.6
652,31.6
653,31.6
654,31.6
655,31.6
656,31.5
657,31.5
658,31.5
659,31.5
660,31.5
661,31.5
662,31.4
663,31.4
664,31.4
665,31.4
666,31.4
667,31.4
668,31.4
669,31.4
670,31.4
671,31.4
672,31.4
673,31.4
674,31.4
675,31.4
676,31.4
677,31.4
678,31.4
679,31.4
680,31.4
681,31.4
682,31.4
683,31.4
684,31.4
685,31.4
686,31.4
687,31.4
688,31.4
689,31.4
690,31.4
691,31.4
692,31.4
693,31.3
694,31.4
695,31.3
696,31.3
697,31.3
698,31.3
699,31.3
700,31.3
701,31.3
702,31.3
703,31.3
704,31.3
705,31.3
706,31.3
707,31.3
708,31.3
709,31.3
710,31.3
711,31.3
712,31.3
713,31.3
714,31.3
715,31.3
716,31.3
717,31.3
718,31.3
719,31.2
720,31.3
721,31.2
722,31.2
723,31.2
724,31.2
725,31.2
726,31.2
727,31.2
728,31.2
729,31.2
730,31.2
731,31.3
732,31.3
733,31.4
734,31.4
735,31.4
736,31.4
737,31.3
738,31.3
739,31.3
740,31.3
741,31.3
742,31.3
743,31.3
744,31.3
745,31.2
746,31.2
747,31.2
748,31.2
749,31.2
750,31.2
751,31.2
752,31.2
753,31.2
754,31.2
755,31.2
756,31.2
757,31.2
758,31.3
759,31.3
760,31.3
761,31.3
762,31.3
763,31.3
764,31.3
765,31.3
766,31.3
767,31.3
768,31.3
769,31.3
770,31.3
771,31.3
772,31.4
773,31.4
774,31.4
775,31.4
776,31.4
777,31.4
778,31.3
779,31.3
780,31.3
781,31.3
782,31.3
783,31.3
784,31.3
785,31.3
786,31.3
787,31.3
788,31.2
789,31.3
790,31.3
791,31.3
792,31.3
793,31.3
794,31.3
795,31.3
796,31.3
797,31.3
798,31.3
799,31.3
800,31.3
801,31.3
802,31.3
803,31.3
804,31.3
805,31.3
806,31.3
807,31.3
808,31.3
809,31.3
810,31.3
811,31.3
812,31.3
813,31.3
814,31.3
815,31.3
816,31.3
817,31.2
818,31.2
819,31.2
820,31.3
821,31.3
822,31.3
823,31.3
824,31.3
825,31.3
826,31.3
827,31.3
828,31.3
829,31.4
830,31.4
831,31.4
832,31.4
833,31.4
834,31.4
835,31.3
836,31.3
837,31.3
838,31.3
839,31.3
840,31.2
841,31.2
842,31.2
843,31.3
844,31.3
845,31.2
846,31.2
847,31.3
848,31.3
849,31.4
850,31.4
851,31.4
852,31.4
853,31.3
854,31.3
855,31.3
856,31.3
857,31.3
858,31.3
859,31.3
860,31.3
861,31.3
862,31.3
863,31.3
864,31.3
865,31.3
866,31.3
867,31.3
868,31.3
869,31.3
870,31.3
871,31.3
872,31.3
873,31.3
874,31.3
875,31.3
876,31.3
877,31.3
878,31.3
879,31.2
880,31.2
881,31.2
882,31.2
883,31.2
884,31.3
885,31.3
886,31.3
887,31.3
888,31.3
889,31.3
890,31.3
891,31.4
892,31.4
893,31.4
894,31.4
895,31.3
896,31.3
897,31.3
898,31.3
899,31.3
900,31.3
901,31.3
902,31.4
903,31.4
904,31.5
905,31.5
906,31.6
907,31.6
908,31.5
909,31.6
910,31.6
911,31.6
912,31.7
913,31.7
914,31.7
915,31.7
916,31.6
917,31.7
918,31.7
919,31.7
920,31.7
921,31.8
922,31.8
923,31.9
924,31.9
925,31.9
926,31.9
927,31.8
928,31.9
929,31.8
930,31.8
931,31.8
932,31.8
933,31.8
934,31.9
935,31.9
936,31.9
937,31.9
938,31.9
939,31.9
940,31.9
941,31.8
942,31.8
943,31.8
944,31.8
945,31.8
946,31.8
947,31.8
948,31.8
949,31.8
950,31.8
951,31.8
952,31.7
953,31.7
954,31.7
955,31.7
956,31.8
957,31.7
958,31.8
959,31.7
960,31.8
961,31.7
962,31.7
963,31.7
964,31.6
965,31.6
966,31.6
967,31.6
968,31.7
969,31.7
970,31.7
971,31.7
972,31.6
973,31.6
974,31.6
975,31.6
976,31.5
977,31.5
978,31.5
979,31.5
980,31.4
981,31.5
982,31.5
983,31.5
984,31.4
985,31.4
986,31.4
987,31.4
988,31.4
989,31.5
990,31.5
991,31.4
992,31.5
993,31.4
994,31.5
995,31.5
996,31.5
997,31.5
998,31.5
999,31.6
1000,31.6
1001,31.6
1002,31.6
1003,31.6
1004,31.6
1005,31.5
1006,31.5
1007,31.5
1008,31.5
1009,31.5
1010,31.5
1011,31.5
1012,31.5
1013,31.5
1014,31.5
1015,31.5
1016,31.5
1017,31.5
1018,31.5
1019,31.5
1020,31.5
1021,31.5
1022,31.5
1023,31.5
1024,31.5
1025,31.6
1026,31.6
1027,31.6
1028,31.6
1029,31.6
1030,31.6
1031,31.6
1032,31.6
1033,31.6
1034,31.6
1035,31.6
1036,31.6
1037,31.6
1038,31.6
1039,31.6
1040,31.5
1041,31.5
1042,31.5
1043,31.5
1044,31.5
1045,31.5
1046,31.5
1047,31.5
1048,31.5
1049,31.5
1050,31.5
1051,31.5
1052,31.5
1053,31.5
1054,31.5
1055,31.5
1056,31.5
1057,31.5
1058,31.5
1059,31.5
1060,31.6
1061,31.6
1062,31.6
1063,31.5
1064,31.5
1065,31.5
1066,31.5
1067,31.6
1068,31.6
1069,31.6
1070,31.6
1071,31.6
1072,31.6
1073,31.5
1074,31.5
1075,31.5
1076,31.5
1077,31.5
1078,31.5
1079,31.5
1080,31.5
1081,31.5
1082,31.6
1083,31.6
1084,31.6
1085,31.6
1086,31.6
1087,31.6
1088,31.6
1089,31.6
1090,31.6
1091,31.7
1092,31.7
1093,31.7
1094,31.7
1095,31.7
1096,31.6
1097,31.6
1098,31.6
1099,31.6
1100,31.6
1101,31.6
1102,31.6
1103,31.6
1104,31.6
1105,31.6
1106,31.6
1107,31.6
1108,31.6
1109,31.6
1110,31.6
1111,31.6
1112,31.6
1113,31.6
1114,31.6
1115,31.6
1116,31.6
1117,31.6
1118,31.6
1119,31.6
1120,31.6
1121,31.6
1122,31.6
1123,31.6
1124,31.6
1125,31.6
1126,31.6
1127,31.6
1128,31.6
1129,31.6
1130,31.6
1131,31.6
1132,31.6
1133,31.6
1134,31.6
1135,31.6
1136,31.6
1137,31.6
1138,31.6
1139,31.6
1140,31.6
1141,31.7
1142,31.6
1143,31.6
1144,31.6
1145,31.6
1146,31.6
1147,31.6
1148,31.6
1149,31.7
1150,31.7
1151,31.7
1152,31.7
1153,31.7
1154,31.7
1155,31.7
1156,31.7
1157,31.7
1158,31.7
1159,31.7
1160,31.6
1161,31.6
1162,31.6
1163,31.7
1164,31.6
1165,31.6
1166,31.6
1167,31.6
1168,31.6
1169,31.6
1170,31.7
1171,31.6
1172,31.7
1173,31.7
1174,31.7
1175,31.7
1176,31.7
1177,31.8
1178,31.7
1179,31.8
1180,31.8
1181,31.7
1182,31.7
1183,31.7
1184,31.7
1185,31.7
1186,31.7
1187,31.7
1188,31.7
1189,31.7
1190,31.7
1191,31.7
1192,31.7
1193,31.7
1194,31.7
1195,31.7
1196,31.7
1197,31.7
1198,31.7
1199,31.7
1200,31.7
1201,31.7
1202,31.7
1203,31.7
1204,31.7
1205,31.7
1206,31.7
1207,31.7
1208,31.7
1209,31.6
1210,31.6
1211,31.7
1212,31.6
1213,31.6
1214,31.7
1215,31.7
1216,31.8
1217,31.8
1218,31.8
1219,31.8
1220,31.8
1221,31.8
1222,31.8
1223,31.8
1224,31.8
1225,31.8
1226,31.8
1227,31.8
1228,31.9
1229,31.9
1230,31.9
1231,31.9
1232,31.9
1233,31.9
1234,31.9
1235,31.9
1236,31.9
1237,31.9
1238,31.9
1239,31.8
1240,31.8
1241,31.8
1242,31.8
1243,31.8
1244,31.8
1245,31.8
1246,31.8
1247,31.8
1248,31.8
1249,31.8
1250,31.8
1251,31.8
1252,31.8
1253,31.8
1254,31.9
1255,31.8
1256,31.8
1257,31.8
1258,31.8
1259,31.8
1260,31.8
1261,31.9
1262,31.9
1263,31.9
1264,31.9
1265,31.9
1266,32.0
1267,32.0
1268,32.0
1269,32.0
1270,32.0
1271,32.0
1272,32.0
1273,31.9
1274,31.9
1275,31.9
1276,31.9
1277,31.9
1278,31.9
1279,31.9
1280,32.0
1281,32.0
1282,32.0
1283,32.0
1284,32.0
1285,32.0
1286,32.0
1287,32.0
1288,32.0
1289,32.0
1290,32.0
1291,31.9
1292,32.0
1293,32.0
1294,32.0
1295,32.0
1296,32.0
1297,32.0
1298,32.0
1299,32.0
1300,31.9
1301,31.9
1302,31.9
1303,31.9
1304,31.8
1305,31.9
1306,31.9
1307,31.9
1308,31.9
1309,31.9
1310,31.9
1311,31.9
1312,31.9
1313,31.9
1314,31.9
1315,31.9
1316,31.9
1317,31.9
1318,31.9
1319,31.9
1320,32.0
1321,32.0
1322,32.0
1323,32.0
1324,32.1
1325,32.1
1326,32.1
1327,32.1
1328,32.1
1329,32.1
1330,32.1
1331,32.1
1332,32.1
1333,32.0
1334,32.0
1335,32.0
1336,32.0
1337,32.0
1338,32.0
1339,32.0
1340,32.0
1341,32.0
1342,32.0
1343,32.0
1344,32.0
1345,32.0
1346,32.0
1347,32.0
1348,32.0
1349,32.0
1350,32.0
1351,32.0
1352,32.0
1353,32.0
1354,32.0
1355,32.1
1356,32.1
1357,32.1
1358,32.1
1359,32.1
1360,32.1
1361,32.0
1362,32.0
1363,32.0
1364,32.0
1365,32.0
1366,32.0
1367,32.0
1368,32.0
1369,32.0
1370,32.0
1371,32.0
1372,32.0
1373,32.1
1374,32.1
1375,32.1
1376,32.1
1377,32.1
1378,32.1
1379,32.1
1380,32.1
1381,32.1
1382,32.1
1383,32.1
1384,32.1
1385,32.0
1386,32.0
1387,32.1
1388,32.1
1389,32.1
1390,32.1
1391,32.1
1392,32.1
1393,32.1
1394,32.1
1395,32.0
1396,32.1
1397,32.1
1398,32.1
1399,32.1
1400,32.1
1401,32.1
1402,32.1
1403,32.1
1404,32.1
1405,32.1
1406,32.1
1407,32.1
1408,32.2
1409,32.2
1410,32.2
1411,32.2
1412,32.2
1413,32.2
1414,32.2
1415,32.2
1416,32.2
1417,32.2
1418,32.2
1419,32.2
1420,32.2
1421,32.2
1422,32.2
1423,32.2
1424,32.2
1425,32.2
1426,32.2
1427,32.2
1428,32.2
1429,32.2
1430,32.2
1431,32.2
1432,32.2
1433,32.2
1434,32.2
1435,32.2
1436,32.1
1437,32.2
1438,32.2
1439,32.2
1440,32.2
1441,32.1
1442,32.1
1443,32.1
1444,32.1
1445,32.1
1446,32.1
1447,32.1
1448,32.1
1449,32.2
1450,32.2
1451,32.2
1452,32.2
1453,32.1
1454,32.1
1455,32.1
1456,32.1
1457,32.1
1458,32.1
1459,32.1
1460,32.1
1461,32.2
1462,32.2
1463,32.2
1464,32.2
1465,32.2
1466,32.2
1467,32.2
1468,32.2
1469,32.2
1470,32.2
1471,32.2
1472,32.2
1473,32.2
1474,32.2
1475,32.2
1476,32.2
1477,32.2
1478,32.3
1479,32.2
1480,32.2
1481,32.2
1482,32.2
1483,32.2
1484,32.2
1485,32.2
1486,32.3
1487,32.3
1488,32.3
1489,32.3
1490,32.3
1491,32.3
1492,32.3
1493,32.3
1494,32.3
1495,32.3
1496,32.3
1497,32.3
1498,32.3
1499,32.3
1500,32.3
1501,32.3
1502,32.3
1503,32.3
1504,32.3
1505,32.3
1506,32.3
1507,32.3
1508,32.2
1509,32.2
1510,32.2
1511,32.2
1512,32.2
1513,32.2
1514,32.2
1515,32.2
1516,32.2
1517,32.2
1518,32.2
1519,32.2
1520,32.2
1521,32.2
1522,32.2
1523,32.2
1524,32.2
1525,32.2
1526,32.2
1527,32.2
1528,32.3
1529,32.3
1530,32.3
1531,32.3
1532,32.3
1533,32.3
1534,32.3
1535,32.3
1536,32.3
1537,32.3
1538,32.3
1539,32.3
1540,32.3
1541,32.3
1542,32.3
1543,32.3
1544,32.4
1545,32.4
1546,32.4
1547,32.4
1548,32.4
1549,32.5
1550,32.5
1551,32.5
1552,32.5
1553,32.5
1554,32.5
1555,32.5
1556,32.4
1557,32.5
1558,32.5
1559,32.4
1560,32.4
1561,32.4
1562,32.5
1563,32.5
1564,32.5
1565,32.5
1566,32.5
1567,32.5
1568,32.5
1569,32.6
1570,32.5
1571,32.5
1572,32.5
1573,32.5
1574,32.5
1575,32.5
1576,32.5
1577,32.5
1578,32.5
1579,32.5
1580,32.4
1581,32.4
1582,32.4
1583,32.5
1584,32.5
1585,32.5
1586,32.5
1587,32.5
1588,32.5
1589,32.5
1590,32.5
1591,32.5
1592,32.5
1593,32.5
1594,32.5
1595,32.5
1596,32.5
1597,32.4
1598,32.4
1599,32.4
1600,32.4
1601,32.4
1602,32.4
1603,32.4
1604,32.4
1605,32.4
1606,32.4
1607,32.4
1608,32.4
1609,32.4
1610,32.4
1611,32.4
1612,32.4
1613,32.5
1614,32.5
1615,32.4
1616,32.5
1617,32.5
1618,32.5
1619,32.5
1620,32.5
1621,32.5
1622,32.4
1623,32.4
1624,32.4
1625,32.4
1626,32.4
1627,32.4
1628,32.4
1629,32.4
1630,32.4
1631,32.5
1632,32.5
1633,32.5
1634,32.5
1635,32.5
1636,32.5
1637,32.5
1638,32.5
1639,32.5
1640,32.6
1641,32.6
1642,32.6
1643,32.6
1644,32.5
1645,32.6
1646,32.5
1647,32.5
1648,32.5
1649,32.5
1650,32.5
1651,32.4
1652,32.4
1653,32.4
1654,32.4
1655,32.4
1656,32.4
1657,32.4
1658,32.4
1659,32.5
1660,32.5
1661,32.5
1662,32.5
1663,32.5
1664,32.5
1665,32.5
1666,32.5
1667,32.5
1668,32.5
1669,32.5
1670,32.5
1671,32.5
1672,32.5
1673,32.5
1674,32.5
1675,32.5
1676,32.5
1677,32.5
1678,32.6
1679,32.6
1680,32.6
1681,32.6
1682,32.6
1683,32.6
1684,32.6
1685,32.6
1686,32.6
1687,32.6
1688,32.6
1689,32.6
1690,32.6
1691,32.6
1692,32.6
1693,32.6
1694,32.6
1695,32.6
1696,32.6
1697,32.6
1698,32.6
1699,32.6
1700,32.6
1701,32.6
1702,32.6
1703,32.6
1704,32.6
1705,32.6
1706,32.6
1707,32.6
1708,32.6
1709,32.6
1710,32.6
1711,32.6
1712,32.7
1713,32.7
1714,32.7
1715,32.7
1716,32.7
1717,32.7
1718,32.7
1719,32.6
1720,32.6
1721,32.6
1722,32.6
1723,32.6
1724,32.6
1725,32.6
1726,32.6
1727,32.6
1728,32.6
1729,32.6
1730,32.6
1731,32.6
1732,32.6
1733,32.7
1734,32.6
1735,32.6
1736,32.7
1737,32.7
1738,32.7
1739,32.7
1740,32.7
1741,32.7
1742,32.7
1743,32.7
1744,32.7
1745,32.7
1746,32.7
1747,32.7
1748,32.7
1749,32.7
1750,32.7
1751,32.7
1752,32.7
1753,32.7
1754,32.7
1755,32.7
1756,32.6
1757,32.6
1758,32.6
1759,32.7
1760,32.7
1761,32.7
1762,32.7
1763,32.7
1764,32.7
1765,32.7
1766,32.7
1767,32.7
1768,32.7
1769,32.7
1770,32.7
1771,32.7
1772,32.7
1773,32.7
1774,32.7
1775,32.7
1776,32.7
1777,32.7
1778,32.8
1779,32.7
1780,32.7
1781,32.8
1782,32.8
1783,32.8
1784,32.8
1785,32.8
1786,32.8
1787,32.8
1788,32.8
1789,32.8
1790,32.8
1791,32.8
1792,32.8
1793,32.8
1794,32.9
1795,32.8
1796,32.8
1797,32.8
1798,32.8
1799,32.8
1800,32.8
1801,32.8
1802,32.8
1803,32.8
1804,32.8
1805,32.8
1806,32.8
1807,32.8
1808,32.8
1809,32.8
1810,32.8
1811,32.8
1812,32.8
1813,32.8
1814,32.8
1815,32.8
1816,32.8
1817,32.8
1818,32.8
1819,32.8
1820,32.8
1821,32.8
1822,32.8
1823,32.8
1824,32.8
1825,32.8
1826,32.8
1827,32.9
1828,32.9
1829,32.9
1830,32.9
1831,32.9
1832,32.9
1833,32.9
1834,32.9
1835,32.9
1836,32.9
1837,32.9
1838,32.9
1839,32.9
1840,32.8
1841,32.8
1842,32.8
1843,32.8
1844,32.9
1845,32.9
1846,32.9
1847,32.9
1848,33.0
1849,33.0
1850,33.0
1851,33.0
1852,33.0
1853,33.0
1854,33.0
1855,33.0
1856,33.0
1857,33.0
1858,32.9
1859,32.9
1860,32.9
1861,32.9
1862,32.9
1863,32.9
1864,32.9
1865,32.9
1866,32.9
1867,32.9
1868,32.9
1869,32.9
1870,32.9
1871,32.9
1872,32.9
1873,32.9
1874,33.0
1875,33.0
1876,33.0
1877,33.0
1878,33.0
1879,33.0
1880,33.0
1881,33.0
1882,33.0
1883,33.0
1884,33.0
1885,32.9
1886,32.9
1887,32.9
1888,32.9
1889,32.9
1890,32.9
1891,32.9
1892,32.9
1893,32.9
1894,32.9
1895,32.9
1896,32.9
1897,32.9
1898,32.9
1899,32.9
1900,32.9
1901,32.9
1902,32.9
1903,32.9
1904,33.0
1905,33.0
1906,33.0
1907,33.0
1908,33.0
1909,32.9
1910,32.9
1911,33.0
1912,33.0
1913,33.0
1914,33.0
1915,32.9
1916,32.9
1917,33.0
1918,33.0
1919,32.9
1920,32.9
1921,32.9
1922,33.0
1923,33.0
1924,33.0
1925,33.0
1926,33.0
1927,33.0
1928,33.0
1929,33.0
1930,33.0
1931,33.0
1932,33.0
1933,33.0
1934,33.0
1935,33.0
1936,33.0
1937,33.0
1938,33.0
1939,33.1
1940,33.1
1941,33.1
1942,33.1
1943,33.1
1944,33.1
1945,33.1
1946,33.0
1947,33.0
1948,33.0
1949,33.0
1950,33.0
1951,33.1
1952,33.1
1953,33.1
1954,33.1
1955,33.1
1956,33.1
1957,33.1
1958,33.0
1959,33.0
1960,33.0
1961,33.0
1962,33.0
1963,33.0
1964,33.0
1965,33.1
1966,33.1
1967,33.1
1968,33.1
1969,33.1
1970,33.1
1971,33.1
1972,33.1
1973,33.1
1974,33.1
1975,33.1
1976,33.2
1977,33.2
1978,33.2
1979,33.2
1980,33.2
1981,33.2
1982,33.2
1983,33.2
1984,33.3
1985,33.3
1986,33.3
1987,33.2
1988,33.2
1989,33.2
1990,33.2
1991,33.2
1992,33.2
1993,33.2
1994,33.2
1995,33.2
1996,33.2
1997,33.2
1998,33.2
1999,33.2
2000,33.2
2001,33.1
2002,33.1
2003,33.1
2004,33.1
2005,33.1
2006,33.1
2007,33.1
2008,33.1
2009,33.2
2010,33.2
2011,33.2
2012,33.2
2013,33.2
2014,33.2
2015,33.2
2016,33.2
2017,33.2
2018,33.2
2019,33.2
2020,33.2
2021,33.2
2022,33.2
2023,33.2
2024,33.2
2025,33.2
2026,33.2
2027,33.3
2028,33.3
2029,33.3
2030,33.3
2031,33.3
2032,33.3
2033,33.3
2034,33.3
2035,33.3
2036,33.3
2037,33.3
2038,33.3
2039,33.4
2040,33.4
2041,33.4
2042,33.3
2043,33.4
2044,33.4
2045,33.4
2046,33.3
2047,33.3
2048,33.4
2049,33.4
2050,33.4
2051,33.4
2052,33.4
2053,33.4
2054,33.4
2055,33.4
2056,33.4
2057,33.4
2058,33.4
2059,33.4
2060,33.4
2061,33.4
2062,33.4
2063,33.4
2064,33.4
2065,33.4
2066,33.4
2067,33.3
2068,33.3
2069,33.3
2070,33.3
2071,33.3
2072,33.3
2073,33.3
2074,33.3
2075,33.3
2076,33.3
2077,33.3
2078,33.3
2079,33.3
2080,33.3
2081,33.3
2082,33.4
2083,33.4
2084,33.4
2085,33.3
2086,33.3
2087,33.3
2088,33.3
2089,33.3
2090,33.3
2091,33.3
2092,33.3
2093,33.3
2094,33.3
2095,33.3
2096,33.3
2097,33.3
2098,33.3
2099,33.4
2100,33.4
2101,33.4
2102,33.4
2103,33.4
2104,33.4
2105,33.4
2106,33.4
2107,33.4
2108,33.3
2109,33.3
2110,33.3
2111,33.3
2112,33.3
2113,33.3
2114,33.3
2115,33.3
2116,33.3
2117,33.3
2118,33.3
2119,33.3
2120,33.3
2121,33.3
2122,33.3
2123,33.3
2124,33.3
2125,33.3
2126,33.3
2127,33.3
2128,33.4
2129,33.3
2130,33.3
2131,33.4
2132,33.3
2133,33.3
2134,33.3
2135,33.3
2136,33.3
2137,33.3
2138,33.3
2139,33.3
2140,33.3
2141,33.3
2142,33.4
2143,33.4
2144,33.4
2145,33.4
2146,33.4
2147,33.4
2148,33.4
2149,33.4
2150,33.4
2151,33.4
2152,33.4
2153,33.4
2154,33.4
2155,33.4
2156,33.4
2157,33.4
2158,33.4
2159,33.4
2160,33.4
2161,33.4
2162,33.4
2163,33.4
2164,33.4
2165,33.4
2166,33.4
2167,33.3
2168,33.4
2169,33.4
2170,33.4
2171,33.4
2172,33.4
2173,33.4
2174,33.4
2175,33.4
2176,33.4
2177,33.4
2178,33.4
2179,33.5
2180,33.5
2181,33.5
2182,33.4
2183,33.4
2184,33.4
2185,33.4
2186,33.5
2187,33.5
2188,33.5
2189,33.5
2190,33.5
2191,33.5
2192,33.5
2193,33.5
2194,33.5
2195,33.5
2196,33.5
2197,33.5
2198,33.5
2199,33.5
2200,33.5
2201,33.5
2202,33.5
2203,33.5
2204,33.6
2205,33.6
2206,33.6
2207,33.6
2208,33.5
2209,33.5
2210,33.5
2211,33.5
2212,33.6
2213,33.6
2214,33.6
2215,33.6
2216,33.6
2217,33.6
2218,33.6
2219,33.6
2220,33.6
2221,33.6
2222,33.6
2223,33.6
2224,33.6
2225,33.6
2226,33.7
2227,33.7
2228,33.7
2229,33.7
2230,33.7
2231,33.7
2232,33.7
2233,33.7
2234,33.7
2235,33.7
2236,33.7
2237,33.7
2238,33.7
2239,33.7
2240,33.7
2241,33.7
2242,33.7
2243,33.7
2244,33.6
2245,33.6
2246,33.6
2247,33.6
2248,33.6
2249,33.6
2250,33.6
2251,33.6
2252,33.6
2253,33.6
2254,33.6
2255,33.6
2256,33.6
2257,33.6
2258,33.6
2259,33.6
2260,33.6
2261,33.6
2262,33.7
2263,33.6
2264,33.7
2265,33.7
2266,33.7
2267,33.7
2268,33.7
2269,33.6
2270,33.6
2271,33.6
2272,33.6
2273,33.7
2274,33.7
2275,33.7
2276,33.7
2277,33.7
2278,33.7
2279,33.7
2280,33.8
2281,33.8
2282,33.8
2283,33.8
2284,33.8
2285,33.7
2286,33.7
2287,33.7
2288,33.7
2289,33.8
2290,33.8
2291,33.8
2292,33.8
2293,33.8
2294,33.7
2295,33.7
2296,33.7
2297,33.7
2298,33.7
2299,33.7
2300,33.7
2301,33.7
2302,33.7
2303,33.7
2304,33.8
2305,33.8
2306,33.8
2307,33.8
2308,33.8
2309,33.8
2310,33.8
2311,33.8
2312,33.8
2313,33.8
2314,33.9
2315,33.9
2316,33.9
2317,33.9
2318,33.9
2319,33.9
2320,33.9
2321,33.9
2322,33.9
2323,33.9
2324,33.8
2325,33.8
2326,33.8
2327,33.9
2328,33.9
2329,33.9
2330,33.8
2331,33.8
2332,33.8
2333,33.8
2334,33.8
2335,33.8
2336,33.8
2337,33.8
2338,33.8
2339,33.8
2340,33.8
2341,33.8
2342,33.8
2343,33.7
2344,33.7
2345,33.7
2346,33.7
2347,33.8
2348,33.8
2349,33.8
2350,33.8
2351,33.8
2352,33.8
2353,33.8
2354,33.8
2355,33.8
2356,33.8
2357,33.8
2358,33.8
2359,33.8
2360,33.8
2361,33.9
2362,33.9
2363,33.8
2364,33.8
2365,33.8
2366,33.8
2367,33.8
2368,33.8
2369,33.8
2370,33.8
2371,33.8
2372,33.8
2373,33.8
2374,33.8
2375,33.8
2376,33.8
2377,33.8
2378,33.8
2379,33.8
2380,33.8
2381,33.8
2382,33.8
2383,33.8
2384,33.8
2385,33.8
2386,33.8
2387,33.8
2388,33.8
2389,33.8
2390,33.8
2391,33.8
2392,33.8
2393,33.8
2394,33.8
2395,33.8
2396,33.8
2397,33.8
2398,33.8
2399,33.8
2400,33.8
2401,33.9
2402,33.9
2403,33.9
2404,33.9
2405,33.9
2406,33.9
2407,33.9
2408,33.9
2409,33.9
2410,33.9
2411,33.9
2412,33.9
2413,33.9
2414,33.9
2415,33.9
2416,33.9
2417,33.9
2418,33.9
2419,33.9
2420,33.9
2421,34.0
2422,34.0
2423,34.0
2424,34.0
2425,34.0
2426,34.0
2427,34.0
2428,34.0
2429,34.0
2430,34.0
2431,33.9
2432,33.9
2433,33.9
2434,33.9
2435,33.9
2436,33.9
2437,33.9
2438,33.9
2439,33.9
2440,33.9
2441,33.9
2442,33.9
2443,33.9
2444,33.9
2445,33.9
2446,33.9
2447,33.9
2448,33.9
2449,33.9
2450,33.9
2451,34.0
2452,34.0
2453,34.0
2454,34.0
2455,34.0
2456,34.0
2457,33.9
2458,34.0
2459,34.0
2460,34.0
2461,34.1
2462,34.1
2463,34.0
2464,34.0
2465,34.1
2466,34.1
2467,34.0
2468,34.0
2469,34.0
2470,34.0
2471,34.0
2472,34.1
2473,34.0
2474,34.0
2475,34.0
2476,34.0
2477,34.0
2478,34.0
2479,34.0
2480,34.0
2481,34.0
2482,34.0
2483,34.0
2484,34.0
2485,34.0
2486,34.0
2487,34.0
2488,34.1
2489,34.1
2490,34.1
2491,34.1
2492,34.1
2493,34.1
2494,34.1
2495,34.1
2496,34.1
2497,34.1
2498,34.1
2499,34.1
2500,34.0
2501,34.0
2502,34.0
2503,34.0
2504,34.0
2505,34.0
2506,34.0
2507,34.0
2508,34.0
2509,34.1
2510,34.0
2511,34.0
2512,34.0
2513,34.0
2514,34.0
2515,34.0
2516,34.0
2517,34.0
2518,34.0
2519,34.0
2520,34.0
2521,34.0
2522,34.0
2523,34.0
2524,34.0
2525,34.1
2526,34.1
2527,34.2
2528,34.2
2529,34.2
2530,34.2
2531,34.2
2532,34.2
2533,34.2
2534,34.2
2535,34.1
2536,34.1
2537,34.1
2538,34.1
2539,34.1
2540,34.1
2541,34.1
2542,34.1
2543,34.1
2544,34.2
2545,34.2
2546,34.2
2547,34.2
2548,34.1
2549,34.1
2550,34.1
2551,34.1
2552,34.1
2553,34.1
2554,34.1
2555,34.1
2556,34.0
2557,34.1
2558,34.1
2559,34.0
2560,34.1
2561,34.1
2562,34.1
2563,34.1
2564,34.1
2565,34.1
2566,34.2
2567,34.2
2568,34.2
2569,34.2
2570,34.2
2571,34.2
2572,34.2
2573,34.2
2574,34.2
2575,34.2
2576,34.2
2577,34.2
2578,34.2
2579,34.2
2580,34.2
2581,34.2
2582,34.2
2583,34.2
2584,34.1
2585,34.1
2586,34.1
2587,34.1
2588,34.1
2589,34.1
2590,34.1
2591,34.1
2592,34.1
2593,34.1
2594,34.1
2595,34.1
2596,34.1
2597,34.1
2598,34.1
2599,34.2
2600,34.2
2601,34.2
2602,34.2
2603,34.2
2604,34.1
2605,34.2
2606,34.2
2607,34.2
2608,34.2
2609,34.2
2610,34.2
2611,34.2
2612,34.1
2613,34.2
2614,34.2
2615,34.1
2616,34.2
2617,34.2
2618,34.2
2619,34.2
2620,34.2
2621,34.2
2622,34.2
2623,34.2
2624,34.2
2625,34.3
2626,34.3
2627,34.2
2628,34.2
2629,34.2
2630,34.2
2631,34.2
2632,34.2
2633,34.2
2634,34.2
2635,34.3
2636,34.3
2637,34.3
2638,34.3
2639,34.3
2640,34.3
2641,34.3
2642,34.3
2643,34.3
2644,34.3
2645,34.3
2646,34.3
2647,34.3
2648,34.3
2649,34.3
2650,34.3
2651,34.3
2652,34.3
2653,34.3
2654,34.3
2655,34.3
2656,34.3
2657,34.3
2658,34.3
2659,34.3
2660,34.3
2661,34.3
2662,34.3
2663,34.3
2664,34.3
2665,34.3
2666,34.3
2667,34.3
2668,34.3
2669,34.4
2670,34.4
2671,34.4
2672,34.4
2673,34.4
2674,34.4
2675,34.4
2676,34.4
2677,34.3
2678,34.4
2679,34.3
2680,34.3
2681,34.3
2682,34.3
2683,34.3
2684,34.3
2685,34.3
2686,34.3
2687,34.3
2688,34.3
2689,34.3
2690,34.3
2691,34.3
2692,34.3
2693,34.3
2694,34.3
2695,34.3
2696,34.3
2697,34.3
2698,34.3
2699,34.3
2700,34.3
2701,34.3
2702,34.3
2703,34.3
2704,34.3
2705,34.4
2706,34.4
2707,34.4
2708,34.3
2709,34.4
2710,34.4
2711,34.4
2712,34.4
2713,34.4
2714,34.4
2715,34.3
2716,34.3
2717,34.3
2718,34.3
2719,34.4
2720,34.4
2721,34.4
2722,34.4
2723,34.4
2724,34.4
2725,34.4
2726,34.4
2727,34.3
2728,34.4
2729,34.4
2730,34.4
2731,34.4
2732,34.5
2733,34.4
2734,34.4
2735,34.4
2736,34.4
2737,34.4
2738,34.4
2739,34.4
2740,34.4
2741,34.4
2742,34.4
2743,34.4
2744,34.4
2745,34.4
2746,34.5
2747,34.5
2748,34.5
2749,34.5
2750,34.5
2751,34.5
2752,34.5
2753,34.5
2754,34.5
2755,34.5
2756,34.5
2757,34.4
2758,34.5
2759,34.5
2760,34.5
2761,34.5
2762,34.4
2763,34.4
2764,34.4
2765,34.4
2766,34.4
2767,34.5
2768,34.5
2769,34.5
2770,34.5
2771,34.5
2772,34.5
2773,34.5
2774,34.5
2775,34.5
2776,34.5
2777,34.5
2778,34.5
2779,34.6
2780,34.5
2781,34.5
2782,34.5
2783,34.5
2784,34.5
2785,34.5
2786,34.5
2787,34.5
2788,34.5
2789,34.5
2790,34.5
2791,34.5
2792,34.5
2793,34.5
2794,34.5
2795,34.4
2796,34.4
2797,34.4
2798,34.4
2799,34.5
2800,34.5
2801,34.5
2802,34.5
2803,34.5
2804,34.5
2805,34.5
2806,34.6
2807,34.6
2808,34.5
2809,34.5
2810,34.6
2811,34.6
2812,34.6
2813,34.6
2814,34.6
2815,34.6
2816,34.6
2817,34.6
2818,34.7
2819,34.7
2820,34.7
2821,34.7
2822,34.7
2823,34.7
2824,34.6
2825,34.6
2826,34.6
2827,34.6
2828,34.5
2829,34.5
2830,34.6
2831,34.6
2832,34.6
2833,34.6
2834,34.5
2835,34.6
2836,34.5
2837,34.6
2838,34.6
2839,34.6
2840,34.5
2841,34.5
2842,34.5
2843,34.6
2844,34.6
2845,34.6
2846,34.6
2847,34.6
2848,34.6
2849,34.6
2850,34.6
2851,34.6
2852,34.6
2853,34.6
2854,34.6
2855,34.5
2856,34.5
2857,34.5
2858,34.5
2859,34.5
2860,34.5
2861,34.6
2862,34.6
2863,34.6
2864,34.6
2865,34.6
2866,34.6
2867,34.6
2868,34.6
2869,34.6
2870,34.6
2871,34.6
2872,34.6
2873,34.6
2874,34.6
2875,34.6
2876,34.6
2877,34.6
2878,34.6
2879,34.6
2880,34.6
2881,34.6
2882,34.6
2883,34.6
2884,34.6
2885,34.7
2886,34.6
2887,34.6
2888,34.6
2889,34.6
2890,34.6
2891,34.6
2892,34.6
2893,34.6
2894,34.6
2895,34.6
2896,34.6
2897,34.6
2898,34.6
2899,34.6
2900,34.6
2901,34.6
2902,34.6
2903,34.6
2904,34.6
2905,34.6
2906,34.6
2907,34.6
2908,34.6
2909,34.7
2910,34.6
2911,34.7
2912,34.6
2913,34.7
2914,34.7
2915,34.7
2916,34.7
2917,34.7
2918,34.7
2919,34.7
2920,34.8
2921,34.8
2922,34.7
2923,34.7
2924,34.7
2925,34.7
2926,34.7
2927,34.7
2928,34.7
2929,34.7
2930,34.7
2931,34.7
2932,34.7
2933,34.7
2934,34.6
2935,34.6
2936,34.6
2937,34.7
2938,34.7
2939,34.7
2940,34.6
2941,34.7
2942,34.7
2943,34.7
2944,34.7
2945,34.7
2946,34.7
2947,34.7
2948,34.7
2949,34.6
2950,34.6
2951,34.6
2952,34.6
2953,34.6
2954,34.5
2955,34.6
2956,34.6
2957,34.6
2958,34.6
2959,34.6
2960,34.7
2961,34.7
2962,34.7
2963,34.7
2964,34.7
2965,34.7
2966,34.7
2967,34.7
2968,34.7
2969,34.7
2970,34.7
2971,34.8
2972,34.8
2973,34.8
2974,34.8
2975,34.8
2976,34.8
2977,34.8
2978,34.8
2979,34.8
2980,34.8
2981,34.8
2982,34.8
2983,34.8
2984,34.8
2985,34.8
2986,34.8
2987,34.8
2988,34.7
2989,34.7
2990,34.8
2991,34.8
2992,34.8
2993,34.8
2994,34.8
2995,34.8
2996,34.8
2997,34.8
2998,34.8
2999,34.8
3000,34.8
3001,34.8
3002,34.8
3003,34.8
3004,34.8
3005,34.8
3006,34.8
3007,34.7
3008,34.8
3009,34.8
3010,34.8
3011,34.8
3012,34.8
3013,34.9
3014,34.9
3015,34.9
3016,34.8
3017,34.8
3018,34.8
3019,34.9
3020,34.9
3021,34.9
3022,34.9
3023,34.8
3024,34.8
3025,34.9
3026,34.9
3027,34.9
3028,34.9
3029,34.9
3030,35.0
3031,35.0
3032,35.0
3033,35.0
3034,34.9
3035,34.9
3036,34.9
3037,34.9
3038,34.8
3039,34.8
3040,34.8
3041,34.8
3042,34.8
3043,34.8
3044,34.8
3045,34.8
3046,34.8
3047,34.9
3048,34.9
3049,34.9
3050,34.9
3051,34.8
3052,34.8
3053,34.8
3054,34.8
3055,34.9
3056,34.9
3057,34.9
3058,34.9
3059,34.9
3060,34.9
3061,34.9
3062,34.9
3063,34.9
3064,35.0
3065,35.0
3066,35.0
3067,35.0
3068,35.0
3069,35.0
3070,35.0
3071,35.0
3072,35.0
3073,35.0
3074,35.0
3075,35.0
3076,35.0
3077,35.0
3078,35.0
3079,35.0
3080,35.0
3081,35.0
3082,35.0
3083,35.0
3084,35.1
3085,35.1
3086,35.1
3087,35.1
3088,35.1
3089,35.0
3090,35.0
3091,35.0
3092,35.0
3093,35.0
3094,35.0
3095,34.9
3096,34.9
3097,34.9
3098,35.0
3099,34.9
3100,34.9
3101,34.9
3102,34.9
3103,34.9
3104,34.9
3105,35.0
3106,35.0
3107,34.9
3108,34.9
3109,34.9
3110,35.0
3111,35.0
3112,35.0
3113,35.0
3114,35.0
3115,35.0
3116,35.1
3117,35.1
3118,35.1
3119,35.1
3120,35.1
3121,35.1
3122,35.2
3123,35.2
3124,35.2
3125,35.2
3126,35.2
3127,35.2
3128,35.2
3129,35.2
3130,35.2
3131,35.2
3132,35.2
3133,35.2
3134,35.2
3135,35.2
3136,35.2
3137,35.2
3138,35.1
3139,35.1
3140,35.2
3141,35.2
3142,35.2
3143,35.2
3144,35.2
3145,35.2
3146,35.3
3147,35.3
3148,35.3
3149,35.3
3150,35.3
3151,35.3
3152,35.3
3153,35.3
3154,35.3
3155,35.3
3156,35.3
3157,35.3
3158,35.3
3159,35.4
3160,35.3
3161,35.3
3162,35.4
3163,35.4
3164,35.4
3165,35.3
3166,35.3
3167,35.4
3168,35.4
3169,35.4
3170,35.3
3171,35.3
3172,35.4
3173,35.4
3174,35.4
3175,35.4
3176,35.4
3177,35.4
3178,35.4
3179,35.4
3180,35.4
3181,35.4
3182,35.4
3183,35.4
3184,35.4
3185,35.4
3186,35.4
3187,35.4
3188,35.4
3189,35.4
3190,35.4
3191,35.4
3192,35.4
3193,35.4
3194,35.4
3195,35.4
3196,35.4
3197,35.4
3198,35.4
3199,35.3
3200,35.3
3201,35.3
3202,35.4
3203,35.4
3204,35.4
3205,35.4
3206,35.4
3207,35.4
3208,35.4
3209,35.4
3210,35.5
3211,35.5
3212,35.5
3213,35.5
3214,35.5
3215,35.5
3216,35.5
3217,35.5
3218,35.5
3219,35.5
3220,35.5
3221,35.4
3222,35.4
3223,35.3
3224,35.3
3225,35.3
3226,35.3
3227,35.3
3228,35.3
3229,35.3
3230,35.3
3231,35.3
3232,35.3
3233,35.3
3234,35.4
3235,35.4
3236,35.4
3237,35.4
3238,35.4
3239,35.4
3240,35.4
3241,35.5
3242,35.5
3243,35.5
3244,35.5
3245,35.5
3246,35.5
3247,35.5
3248,35.5
3249,35.5
3250,35.5
3251,35.5
3252,35.5
3253,35.5
3254,35.6
3255,35.5
3256,35.5
3257,35.5
3258,35.5
3259,35.5
3260,35.5
3261,35.5
3262,35.5
3263,35.5
3264,35.5
3265,35.5
3266,35.5
3267,35.5
3268,35.5
3269,35.5
3270,35.6
3271,35.5
3272,35.5
3273,35.6
3274,35.5
3275,35.5
3276,35.6
3277,35.5
3278,35.5
3279,35.5
3280,35.5
3281,35.5
3282,35.5
3283,35.5
3284,35.5
3285,35.5
3286,35.5
3287,35.5
3288,35.5
3289,35.5
3290,35.5
3291,35.5
3292,35.5
3293,35.5
3294,35.5
3295,35.5
3296,35.5
3297,35.6
3298,35.5
3299,35.6
3300,35.6
3301,35.6
3302,35.6
3303,35.6
3304,35.5
3305,35.5
3306,35.5
3307,35.6
3308,35.5
3309,35.5
3310,35.5
3311,35.5
3312,35.4
3313,35.5
3314,35.4
3315,35.5
3316,35.5
3317,35.5
3318,35.5
3319,35.5
3320,35.5
3321,35.5
3322,35.6
3323,35.6
3324,35.6
3325,35.6
3326,35.6
3327,35.6
3328,35.6
3329,35.6
3330,35.6
3331,35.6
3332,35.6
3333,35.6
3334,35.6
3335,35.6
3336,35.6
3337,35.6
3338,35.6
3339,35.6
3340,35.6
3341,35.6
3342,35.6
3343,35.6
3344,35.6
3345,35.6
3346,35.6
3347,35.6
3348,35.6
3349,35.7
3350,35.7
3351,35.6
3352,35.6
3353,35.6
3354,35.6
3355,35.7
3356,35.6
3357,35.7
3358,35.7
3359,35.7
3360,35.7
3361,35.7
3362,35.7
3363,35.7
3364,35.7
3365,35.7
3366,35.7
3367,35.7
3368,35.7
3369,35.7
3370,35.7
3371,35.7
3372,35.7
3373,35.7
3374,35.7
3375,35.7
3376,35.7
3377,35.6
3378,35.6
3379,35.6
3380,35.6
3381,35.6
3382,35.7
3383,35.7
3384,35.7
3385,35.7
3386,35.7
3387,35.7
3388,35.7
3389,35.7
3390,35.7
3391,35.7
3392,35.7
3393,35.7
3394,35.7
3395,35.7
3396,35.7
3397,35.7
3398,35.7
3399,35.7
3400,35.7
3401,35.7
3402,35.7
3403,35.7
3404,35.7
3405,35.7
3406,35.7
3407,35.7
3408,35.7
3409,35.7
3410,35.7
3411,35.7
3412,35.7
3413,35.7
3414,35.7
3415,35.7
3416,35.7
3417,35.7
3418,35.7
3419,35.7
3420,35.7
3421,35.7
3422,35.7
3423,35.7
3424,35.7
3425,35.7
3426,35.7
3427,35.7
3428,35.7
3429,35.7
3430,35.7
3431,35.7
3432,35.7
3433,35.7
3434,35.7
3435,35.7
3436,35.7
3437,35.7
3438,35.7
3439,35.7
3440,35.7
3441,35.6
3442,35.7
3443,35.6
3444,35.7
3445,35.7
3446,35.7
3447,35.7
3448,35.7
3449,35.7
3450,35.7
3451,35.7
3452,35.7
3453,35.7
3454,35.7
3455,35.7
3456,35.7
3457,35.7
3458,35.7
3459,35.7
3460,35.7
3461,35.7
3462,35.7
3463,35.7
3464,35.7
3465,35.7
3466,35.7
3467,35.7
3468,35.7
3469,35.7
3470,35.7
3471,35.7
3472,35.7
3473,35.7
3474,35.7
3475,35.7
3476,35.7
3477,35.7
3478,35.7
3479,35.7
3480,35.7
3481,35.7
3482,35.7
3483,35.7
3484,35.7
3485,35.7
3486,35.7
3487,35.7
3488,35.7
3489,35.7
3490,35.6
3491,35.6
3492,35.6
3493,35.7
3494,35.7
3495,35.7
3496,35.7
3497,35.7
3498,35.7
3499,35.7
3500,35.7
3501,35.7
3502,35.7
3503,35.7
3504,35.7
3505,35.7
3506,35.8
3507,35.7
3508,35.8
3509,35.8
3510,35.8
3511,35.8
3512,35.8
3513,35.8
3514,35.8
3515,35.8
3516,35.8
3517,35.8
3518,35.8
3519,35.8
3520,35.8
3521,35.8
3522,35.8
3523,35.8
3524,35.8
3525,35.8
3526,35.8
3527,35.8
3528,35.8
3529,35.8
3530,35.8
3531,35.8
3532,35.8
3533,35.8
3534,35.8
3535,35.8
3536,35.8
3537,35.8
3538,35.8
3539,35.8
3540,35.8
3541,35.8
3542,35.8
3543,35.8
3544,35.8
3545,35.8
3546,35.8
3547,35.8
3548,35.8
3549,35.8
3550,35.8
3551,35.8
3552,35.8
3553,35.8
3554,35.8
3555,35.8
3556,35.8
3557,35.8
3558,35.8
3559,35.8
3560,35.8
3561,35.9
3562,35.8
3563,35.8
3564,35.9
3565,35.9
3566,35.9
3567,35.8
3568,35.8
3569,35.8
3570,35.8
3571,35.8
3572,35.8
3573,35.9
3574,35.8
3575,35.9
3576,35.8
3577,35.8
3578,35.8
3579,35.8
3580,35.8
3581,35.9
3582,35.9
3583,35.9
3584,35.8
3585,35.8
3586,35.8
3587,35.9
3588,35.8
3589,35.8
3590,35.8
3591,35.8
3592,35.8
3593,35.8
3594,35.8
3595,35.8
3596,35.8
3597,35.8
3598,35.8
3599,35.7
3600,35.7
3601,35.7
3602,35.7
3603,35.7
3604,35.8
3605,35.8
3606,35.8
3607,35.8
3608,35.8
3609,35.8
3610,35.8
3611,35.8
3612,35.8
3613,35.8
3614,35.8
3615,35.8
3616,35.8
3617,35.8
3618,35.9
3619,35.9
3620,35.9
3621,35.9
3622,35.9
3623,35.9
3624,35.9
3625,35.9
3626,35.9
3627,35.9
3628,35.9
3629,35.9
3630,36.0
3631,36.0
3632,36.0
3633,35.9
3634,36.0
3635,36.0
3636,36.0
3637,36.0
3638,36.0
3639,36.0
3640,36.0
3641,36.0
3642,36.0
3643,36.0
3644,36.0
3645,36.0
3646,36.0
3647,36.0
3648,36.0
3649,36.0
3650,36.0
3651,36.0
3652,36.0
3653,36.0
3654,36.0
3655,36.0
3656,36.0
3657,36.0
3658,36.0
3659,36.0
3660,36.0
3661,36.0
3662,36.0
3663,36.0
3664,36.0
3665,36.0
3666,36.0
3667,36.0
3668,36.0
3669,36.0
3670,36.0
3671,36.0
3672,36.0
3673,36.0
3674,36.0
3675,36.0
3676,36.0
3677,36.0
3678,36.0
3679,36.0
3680,36.0
3681,36.0
3682,36.0
3683,36.0
3684,36.0
3685,36.0
3686,36.0
3687,36.0
3688,36.0
3689,36.0
3690,36.0
3691,36.0
3692,36.0
3693,36.0
3694,36.0
3695,36.0
3696,36.0
3697,35.9
3698,35.9
3699,35.9
3700,35.8
3701,35.8
3702,35.8
3703,35.8
3704,35.8
3705,35.9
3706,35.9
3707,35.9
3708,35.9
3709,35.9
3710,36.0
3711,36.0
3712,36.0
3713,36.0
3714,36.0
3715,36.0
3716,36.0
3717,36.0
3718,36.0
3719,36.0
3720,36.0
3721,36.1
3722,36.1
3723,36.0
3724,36.1
3725,36.1
3726,36.1
3727,36.1
3728,36.1
3729,36.1
3730,36.1
3731,36.1
3732,36.1
3733,36.1
3734,36.1
3735,36.1
3736,36.1
3737,36.1
3738,36.1
3739,36.0
3740,36.0
3741,36.0
3742,36.0
3743,36.0
3744,36.0
3745,36.0
3746,36.0
3747,36.0
3748,36.0
3749,36.0
3750,36.0
3751,36.0
3752,36.0
3753,36.0
3754,36.0
3755,36.0
3756,36.0
3757,36.0
3758,36.0
3759,36.0
3760,36.0
3761,36.0
3762,36.0
3763,36.0
3764,36.0
3765,36.0
3766,36.0
3767,36.0
3768,36.0
3769,36.0
3770,36.1
3771,36.1
3772,36.1
3773,36.1
3774,36.1
3775,36.1
3776,36.1
3777,36.1
3778,36.1
3779,36.1
3780,36.1
3781,36.1
3782,36.1
3783,36.1
3784,36.1
3785,36.1
3786,36.1
3787,36.1
3788,36.1
3789,36.1
3790,36.1
3791,36.1
3792,36.1
3793,36.2
3794,36.1
3795,36.2
3796,36.2
3797,36.2
3798,36.2
3799,36.2
3800,36.2
3801,36.2
3802,36.2
3803,36.1
3804,36.1
3805,36.1
3806,36.1
3807,36.2
3808,36.2
3809,36.2
3810,36.2
3811,36.2
3812,36.2
3813,36.2
3814,36.2
3815,36.2
3816,36.2
3817,36.2
3818,36.2
3819,36.2
3820,36.2
3821,36.2
3822,36.2
3823,36.2
3824,36.2
3825,36.2
3826,36.2
3827,36.2
3828,36.2
3829,36.2
3830,36.2
3831,36.2
3832,36.2
3833,36.2
3834,36.2
3835,36.2
3836,36.2
3837,36.2
3838,36.2
3839,36.2
3840,36.2
3841,36.2
3842,36.2
3843,36.2
3844,36.2
3845,36.2
3846,36.2
3847,36.2
3848,36.2
3849,36.2
3850,36.2
3851,36.2
3852,36.2
3853,36.2
3854,36.2
3855,36.2
3856,36.2
3857,36.2
3858,36.2
3859,36.2
3860,36.3
3861,36.2
3862,36.2
3863,36.2
3864,36.2
3865,36.2
3866,36.2
3867,36.2
3868,36.2
3869,36.2
3870,36.2
3871,36.2
3872,36.2
3873,36.2
3874,36.2
3875,36.2
3876,36.2
3877,36.3
3878,36.3
3879,36.3
3880,36.3
3881,36.3
3882,36.3
3883,36.3
3884,36.3
3885,36.3
3886,36.3
3887,36.3
3888,36.3
3889,36.3
3890,36.3
3891,36.3
3892,36.3
3893,36.3
3894,36.3
3895,36.3
3896,36.3
3897,36.3
3898,36.3
3899,36.3
3900,36.3
3901,36.3
3902,36.3
3903,36.3
3904,36.3
3905,36.3
3906,36.3
3907,36.3
3908,36.3
3909,36.3
3910,36.2
3911,36.2
3912,36.2
3913,36.2
3914,36.2
3915,36.2
3916,36.1
3917,36.1
3918,36.1
3919,36.1
3920,36.1
3921,36.1
3922,36.1
3923,36.1
3924,36.2
3925,36.1
3926,36.2
3927,36.2
3928,36.2
3929,36.2
3930,36.2
3931,36.2
3932,36.2
3933,36.3
3934,36.3
3935,36.3
3936,36.3
3937,36.3
3938,36.3
3939,36.2
3940,36.3
3941,36.3
3942,36.3
3943,36.3
3944,36.3
3945,36.3
3946,36.3
3947,36.3
3948,36.3
3949,36.3
3950,36.3
3951,36.3
3952,36.3
3953,36.3
3954,36.2
3955,36.2
3956,36.2
3957,36.2
3958,36.2
3959,36.2
3960,36.2
3961,36.2
3962,36.2
3963,36.2
3964,36.2
3965,36.2
3966,36.3
3967,36.3
3968,36.3
3969,36.3
3970,36.3
3971,36.3
3972,36.3
3973,36.3
3974,36.3
3975,36.3
3976,36.3
3977,36.3
3978,36.3
3979,36.3
3980,36.3
3981,36.3
3982,36.3
3983,36.3
3984,36.3
3985,36.3
3986,36.3
3987,36.3
3988,36.3
3989,36.3
3990,36.3
3991,36.3
3992,36.3
3993,36.3
3994,36.3
3995,36.3
3996,36.3
3997,36.3
3998,36.3
3999,36.3
4000,36.3
4001,36.4
4002,36.3
4003,36.4
4004,36.4
4005,36.4
4006,36.4
4007,36.4
4008,36.4
4009,36.4
4010,36.4
4011,36.3
4012,36.4
4013,36.4
4014,36.4
4015,36.4
4016,36.4
4017,36.4
4018,36.4
4019,36.4
4020,36.4
4021,36.4
4022,36.4
4023,36.4
4024,36.4
4025,36.4
4026,36.4
4027,36.4
4028,36.4
4029,36.4
4030,36.4
4031,36.4
4032,36.4
4033,36.4
4034,36.4
4035,36.4
4036,36.4
4037,36.4
4038,36.4
4039,36.4
4040,36.4
4041,36.4
4042,36.3
4043,36.3
4044,36.3
4045,36.3
4046,36.3
4047,36.3
4048,36.3
4049,36.3
4050,36.3
4051,36.3
4052,36.3
4053,36.3
4054,36.3
4055,36.3
4056,36.4
4057,36.3
4058,36.3
4059,36.4
4060,36.4
4061,36.4
4062,36.4
4063,36.4
4064,36.4
4065,36.4
4066,36.4
4067,36.4
4068,36.4
4069,36.4
4070,36.4
4071,36.4
4072,36.4
4073,36.4
4074,36.4
4075,36.4
4076,36.4
4077,36.4
4078,36.4
4079,36.4
4080,36.4
4081,36.4
4082,36.4
4083,36.4
4084,36.4
4085,36.4
4086,36.4
4087,36.4
4088,36.4
4089,36.4
4090,36.4
4091,36.4
4092,36.4
4093,36.4
4094,36.4
4095,36.4
4096,36.4
4097,36.4
4098,36.4
4099,36.4
4100,36.4
4101,36.3
4102,36.4
4103,36.3
4104,36.4
4105,36.4
4106,36.4
4107,36.4
4108,36.4
4109,36.4
4110,36.4
4111,36.4
4112,36.4
4113,36.4
4114,36.4
4115,36.4
4116,36.4
4117,36.4
4118,36.4
4119,36.4
4120,36.4
4121,36.4
4122,36.4
4123,36.4
4124,36.4
4125,36.4
4126,36.4
4127,36.4
4128,36.4
4129,36.4
4130,36.4
4131,36.3
4132,36.4
4133,36.4
4134,36.4
4135,36.4
4136,36.4
4137,36.4
4138,36.4
4139,36.4
4140,36.4
4141,36.4
4142,36.4
4143,36.4
4144,36.4
4145,36.4
4146,36.4
4147,36.4
4148,36.4
4149,36.4
4150,36.4
4151,36.4
4152,36.4
4153,36.4
4154,36.4
4155,36.4
4156,36.4
4157,36.4
4158,36.4
4159,36.4
4160,36.5
4161,36.4
4162,36.4
4163,36.4
4164,36.5
4165,36.5
4166,36.4
4167,36.4
4168,36.4
4169,36.4
4170,36.4
4171,36.4
4172,36.4
4173,36.5
4174,36.5
4175,36.5
4176,36.4
4177,36.4
4178,36.5
4179,36.5
4180,36.5
4181,36.4
4182,36.5
4183,36.4
4184,36.4
4185,36.4
4186,36.4
4187,36.4
4188,36.4
4189,36.4
4190,36.4
4191,36.5
4192,36.5
4193,36.5
4194,36.5
4195,36.5
4196,36.5
4197,36.5
4198,36.5
4199,36.5
4200,36.5
4201,36.5
4202,36.4
4203,36.5
4204,36.4
4205,36.4
4206,36.4
4207,36.5
4208,36.5
4209,36.5
4210,36.5
4211,36.5
4212,36.5
4213,36.5
4214,36.5
4215,36.5
4216,36.5
4217,36.5
4218,36.5
4219,36.5
4220,36.5
4221,36.5
4222,36.5
4223,36.5
4224,36.5
4225,36.5
4226,36.5
4227,36.5
4228,36.5
4229,36.5
4230,36.5
4231,36.5
4232,36.5
4233,36.5
4234,36.5
4235,36.5
4236,36.5
4237,36.5
4238,36.5
4239,36.5
4240,36.5
4241,36.5
4242,36.5
4243,36.5
4244,36.5
4245,36.5
4246,36.5
4247,36.5
4248,36.5
4249,36.5
4250,36.5
4251,36.5
4252,36.5
4253,36.5
4254,36.5
4255,36.5
4256,36.5
4257,36.5
4258,36.5
4259,36.5
4260,36.5
4261,36.5
4262,36.5
4263,36.5
4264,36.5
4265,36.5
4266,36.5
4267,36.5
4268,36.5
4269,36.4
4270,36.4
4271,36.4
4272,36.4
4273,36.5
4274,36.5
4275,36.5
4276,36.5
4277,36.5
4278,36.5
4279,36.5
4280,36.5
4281,36.5
4282,36.5
4283,36.5
4284,36.5
4285,36.5
4286,36.5
4287,36.5
4288,36.5
4289,36.5
4290,36.5
4291,36.5
4292,36.5
4293,36.5
4294,36.5
4295,36.5
4296,36.5
4297,36.5
4298,36.5
4299,36.5
4300,36.5
4301,36.5
4302,36.5
4303,36.5
4304,36.5
4305,36.5
4306,36.5
4307,36.4
4308,36.4
4309,36.4
4310,36.4
4311,36.4
4312,36.4
4313,36.5
4314,36.5
4315,36.5
4316,36.5
4317,36.5
4318,36.5
4319,36.5
4320,36.5
4321,36.5
4322,36.5
4323,36.6
4324,36.6
4325,36.6
4326,36.6
4327,36.6
4328,36.6
4329,36.6
4330,36.6
4331,36.6
4332,36.6
4333,36.6
4334,36.6
4335,36.5
4336,36.5
4337,36.5
4338,36.5
4339,36.5
4340,36.5
4341,36.5
4342,36.5
4343,36.5
4344,36.5
4345,36.5
4346,36.5
4347,36.5
4348,36.5
4349,36.6
4350,36.5
4351,36.5
4352,36.5
4353,36.5
4354,36.5
4355,36.5
4356,36.5
4357,36.5
4358,36.5
4359,36.5
4360,36.5
4361,36.5
4362,36.5
4363,36.6
4364,36.6
4365,36.6
4366,36.6
4367,36.6
4368,36.6
4369,36.6
4370,36.6
4371,36.6
4372,36.6
4373,36.6
4374,36.6
4375,36.6
4376,36.6
4377,36.5
4378,36.5
4379,36.5
4380,36.5
4381,36.5
4382,36.6
4383,36.6
4384,36.6
4385,36.6
4386,36.6
4387,36.6
4388,36.6
4389,36.6
4390,36.6
4391,36.6
4392,36.6
4393,36.6
4394,36.6
4395,36.6
4396,36.6
4397,36.6
4398,36.6
4399,36.6
4400,36.6
4401,36.6
4402,36.6
4403,36.6
4404,36.6
4405,36.6
4406,36.6
4407,36.6
4408,36.6
4409,36.6
4410,36.6
4411,36.6
4412,36.6
4413,36.6
4414,36.6
4415,36.6
4416,36.6
4417,36.5
4418,36.5
4419,36.5
4420,36.5
4421,36.5
4422,36.5
4423,36.5
4424,36.5
4425,36.5
4426,36.6
4427,36.6
4428,36.6
4429,36.6
4430,36.6
4431,36.6
4432,36.6
4433,36.6
4434,36.6
4435,36.7
4436,36.6
4437,36.6
4438,36.6
4439,36.6
4440,36.6
4441,36.6
4442,36.6
4443,36.6
4444,36.6
4445,36.6
4446,36.6
4447,36.6
4448,36.6
4449,36.6
4450,36.6
4451,36.6
4452,36.6
4453,36.6
4454,36.6
4455,36.6
4456,36.6
4457,36.6
4458,36.6
4459,36.6
4460,36.6
4461,36.7
4462,36.7
4463,36.6
4464,36.6
4465,36.6
4466,36.6
4467,36.7
4468,36.7
4469,36.6
4470,36.6
4471,36.7
4472,36.6
4473,36.6
4474,36.6
4475,36.6
4476,36.6
4477,36.6
4478,36.6
4479,36.6
4480,36.6
4481,36.6
4482,36.6
4483,36.6
4484,36.6
4485,36.6
4486,36.6
4487,36.6
4488,36.6
4489,36.6
4490,36.6
4491,36.6
4492,36.6
4493,36.6
4494,36.6
4495,36.6
4496,36.6
4497,36.6
4498,36.6
4499,36.6
4500,36.6
4501,36.6
4502,36.6
4503,36.7
4504,36.6
4505,36.6
4506,36.6
4507,36.6
4508,36.6
4509,36.6
4510,36.6
4511,36.6
4512,36.6
4513,36.6
4514,36.6
4515,36.6
4516,36.6
4517,36.6
4518,36.6
4519,36.6
4520,36.6
4521,36.6
4522,36.6
4523,36.6
4524,36.6
4525,36.6
4526,36.6
4527,36.6
4528,36.6
4529,36.6
4530,36.6
4531,36.5
4532,36.5
4533,36.5
4534,36.6
4535,36.6
4536,36.6
4537,36.6
4538,36.6
4539,36.6
4540,36.6
4541,36.6
4542,36.6
4543,36.7
4544,36.7
4545,36.7
4546,36.7
4547,36.6
4548,36.6
4549,36.6
4550,36.6
4551,36.6
4552,36.7
4553,36.7
4554,36.7
4555,36.7
4556,36.7
4557,36.7
4558,36.7
4559,36.7
4560,36.7
4561,36.7
4562,36.7
4563,36.7
4564,36.7
4565,36.7
4566,36.7
4567,36.7
4568,36.7
4569,36.7
4570,36.7
4571,36.7
4572,36.7
4573,36.7
4574,36.7
4575,36.7
4576,36.7
4577,36.7
4578,36.6
4579,36.6
4580,36.6
4581,36.6
4582,36.6
4583,36.6
4584,36.6
4585,36.7
4586,36.7
4587,36.7
4588,36.7
4589,36.6
4590,36.6
4591,36.7
4592,36.6
4593,36.6
4594,36.6
4595,36.6
4596,36.5
4597,36.5
4598,36.5
4599,36.5
4600,36.5
4601,36.5
4602,36.5
4603,36.5
4604,36.6
4605,36.6
4606,36.7
4607,36.6
4608,36.6
4609,36.7
4610,36.6
4611,36.6
4612,36.7
4613,36.7
4614,36.7
4615,36.7
4616,36.7
4617,36.7
4618,36.7
4619,36.7
4620,36.6
4621,36.7
4622,36.7
4623,36.7
4624,36.7
4625,36.7
4626,36.7
4627,36.7
4628,36.7
4629,36.7
4630,36.7
4631,36.7
4632,36.7
4633,36.7
4634,36.7
4635,36.7
4636,36.7
4637,36.7
4638,36.7
4639,36.7
4640,36.7
4641,36.7
4642,36.7
4643,36.7
4644,36.7
4645,36.7
4646,36.7
4647,36.7
4648,36.7
4649,36.6
4650,36.6
4651,36.6
4652,36.6
4653,36.6
4654,36.6
4655,36.6
4656,36.5
4657,36.5
4658,36.5
4659,36.6
4660,36.6
4661,36.6
4662,36.6
4663,36.6
4664,36.6
4665,36.6
4666,36.6
4667,36.6
4668,36.6
4669,36.6
4670,36.6
4671,36.6
4672,36.6
4673,36.7
4674,36.7
4675,36.6
4676,36.7
4677,36.7
4678,36.7
4679,36.7
4680,36.7
4681,36.7
4682,36.7
4683,36.7
4684,36.7
4685,36.7
4686,36.6
4687,36.6
4688,36.6
4689,36.6
4690,36.6
4691,36.6
4692,36.6
4693,36.6
4694,36.6
4695,36.6
4696,36.6
4697,36.6
4698,36.6
4699,36.6
4700,36.6
4701,36.6
4702,36.6
4703,36.6
4704,36.7
4705,36.7
4706,36.7
4707,36.7
4708,36.7
4709,36.7
4710,36.7
4711,36.7
4712,36.7
4713,36.7
4714,36.7
4715,36.7
4716,36.7
4717,36.7
4718,36.7
4719,36.8
4720,36.7
4721,36.8
4722,36.7
4723,36.7
4724,36.7
4725,36.7
4726,36.7
4727,36.7
4728,36.7
4729,36.7
4730,36.7
4731,36.7
4732,36.7
4733,36.7
4734,36.7
4735,36.7
4736,36.7
4737,36.7
4738,36.7
4739,36.7
4740,36.7
4741,36.7
4742,36.7
4743,36.7
4744,36.7
4745,36.7
4746,36.6
4747,36.6
4748,36.6
4749,36.6
4750,36.7
4751,36.7
4752,36.7
4753,36.7
4754,36.7
4755,36.7
4756,36.7
4757,36.7
4758,36.7
4759,36.7
4760,36.7
4761,36.7
4762,36.7
4763,36.7
4764,36.7
4765,36.7
4766,36.7
4767,36.7
4768,36.7
4769,36.7
4770,36.7
4771,36.7
4772,36.7
4773,36.7
4774,36.7
4775,36.7
4776,36.8
4777,36.7
4778,36.8
4779,36.8
4780,36.8
4781,36.7
4782,36.7
4783,36.7
4784,36.7
4785,36.8
4786,36.8
4787,36.8
4788,36.8
4789,36.8
4790,36.8
4791,36.8
4792,36.8
4793,36.8
4794,36.8
4795,36.7
4796,36.7
4797,36.7
4798,36.7
4799,36.7
4800,36.7
4801,36.7
4802,36.7
4803,36.7
4804,36.7
4805,36.7
4806,36.7
4807,36.7
4808,36.7
4809,36.7
4810,36.7
4811,36.7
4812,36.7
4813,36.7
4814,36.7
4815,36.7
4816,36.7
4817,36.7
4818,36.7
4819,36.8
4820,36.8
4821,36.7
4822,36.8
4823,36.7
4824,36.7
4825,36.8
4826,36.7
4827,36.7
4828,36.7
4829,36.8
4830,36.8
4831,36.8
4832,36.8
4833,36.8
4834,36.8
4835,36.8
4836,36.8
4837,36.8
4838,36.8
4839,36.8
4840,36.8
4841,36.8
4842,36.8
4843,36.8
4844,36.7
4845,36.7
4846,36.7
4847,36.7
4848,36.7
4849,36.7
4850,36.7
4851,36.7
4852,36.7
4853,36.8
4854,36.8
4855,36.8
4856,36.8
4857,36.8
4858,36.8
4859,36.8
4860,36.8
4861,36.8
4862,36.8
4863,36.8
4864,36.8
4865,36.8
4866,36.8
4867,36.8
4868,36.8
4869,36.8
4870,36.8
4871,36.8
4872,36.8
4873,36.8
4874,36.7
4875,36.7
4876,36.7
4877,36.7
4878,36.7
4879,36.7
4880,36.7
4881,36.7
4882,36.7
4883,36.7
4884,36.8
4885,36.8
4886,36.8
4887,36.8
4888,36.8
4889,36.8
4890,36.8
4891,36.8
4892,36.8
4893,36.8
4894,36.8
4895,36.8
4896,36.8
4897,36.8
4898,36.8
4899,36.8
4900,36.8
4901,36.8
4902,36.8
4903,36.8
4904,36.8
4905,36.8
4906,36.8
4907,36.8
4908,36.8
4909,36.8
4910,36.8
4911,36.8
4912,36.8
4913,36.8
4914,36.8
4915,36.8
4916,36.8
4917,36.8
4918,36.8
4919,36.8
4920,36.8
4921,36.8
4922,36.8
4923,36.8
4924,36.8
4925,36.8
4926,36.8
4927,36.8
4928,36.8
4929,36.8
4930,36.8
4931,36.8
4932,36.8
4933,36.8
4934,36.8
4935,36.7
4936,36.7
4937,36.7
4938,36.7
4939,36.7
4940,36.7
4941,36.7
4942,36.7
4943,36.8
4944,36.7
4945,36.7
4946,36.8
4947,36.8
4948,36.8
4949,36.8
4950,36.8
4951,36.8
4952,36.8
4953,36.8
4954,36.8
4955,36.8
4956,36.8
4957,36.8
4958,36.8
4959,36.8
4960,36.8
4961,36.8
4962,36.8
4963,36.8
4964,36.8
4965,36.8
4966,36.8
4967,36.8
4968,36.8
4969,36.8
4970,36.8
4971,36.8
4972,36.8
4973,36.8
4974,36.8
4975,36.8
4976,36.8
4977,36.8
4978,36.8
4979,36.8
4980,36.8
4981,36.8
4982,36.8
4983,36.8
4984,36.8
4985,36.8
4986,36.8
4987,36.8
4988,36.8
4989,36.8
4990,36.8
4991,36.8
4992,36.8
4993,36.8
4994,36.8
4995,36.8
4996,36.8
4997,36.8
4998,36.8
4999,36.8
5000,36.8
5001,36.8
5002,36.8
5003,36.8
5004,36.8
5005,36.8
5006,36.8
5007,36.7
5008,36.8
5009,36.8
5010,36.8
5011,36.8
5012,36.8
5013,36.8
5014,36.8
5015,36.8
5016,36.8
5017,36.8
5018,36.8
5019,36.8
5020,36.8
5021,36.8
5022,36.8
5023,36.8
5024,36.8
5025,36.8
5026,36.8
5027,36.8
5028,36.9
5029,36.9
5030,36.9
5031,36.9
5032,36.9
5033,36.9
5034,36.9
5035,36.9
5036,36.9
5037,36.9
5038,36.8
5039,36.8
5040,36.8
5041,36.8
5042,36.8
5043,36.8
5044,36.8
5045,36.9
5046,36.9
5047,36.9
5048,36.9
5049,36.9
5050,36.9
5051,36.9
5052,36.9
5053,36.9
5054,36.9
5055,36.9
5056,36.9
5057,36.9
5058,36.8
5059,36.8
5060,36.8
5061,36.8
5062,36.9
5063,36.9
5064,36.8
5065,36.9
5066,36.9
5067,36.8
5068,36.9
5069,36.9
5070,36.8
5071,36.8
5072,36.7
5073,36.7
5074,36.7
5075,36.8
5076,36.8
5077,36.8
5078,36.8
5079,36.8
5080,36.8
5081,36.8
5082,36.8
5083,36.8
5084,36.8
5085,36.9
5086,36.8
5087,36.9
5088,36.9
5089,36.8
5090,36.8
5091,36.9
5092,36.9
5093,36.9
5094,36.9
5095,36.9
5096,36.9
5097,36.9
5098,36.9
5099,36.9
5100,36.9
5101,36.9
5102,36.9
5103,36.9
5104,36.9
5105,36.9
5106,36.9
5107,36.9
5108,36.9
5109,36.9
5110,36.9
5111,36.9
5112,36.9
5113,36.9
5114,36.9
5115,36.9
5116,36.9
5117,36.9
5118,36.9
5119,36.9
5120,36.9
5121,36.9
5122,36.9
5123,36.9
5124,36.9
5125,36.9
5126,36.9
5127,36.9
5128,36.9
5129,36.9
5130,36.8
5131,36.9
5132,36.9
5133,36.8
5134,36.9
5135,36.9
5136,36.9
5137,36.9
5138,36.9
5139,36.9
5140,36.9
5141,36.9
5142,36.9
5143,36.9
5144,36.9
5145,36.9
5146,36.9
5147,36.9
5148,36.9
5149,36.9
5150,36.9
5151,36.9
5152,36.9
5153,36.9
5154,36.9
5155,36.9
5156,36.9
5157,36.9
5158,36.9
5159,36.9
5160,36.9
5161,36.9
5162,36.9
5163,36.9
5164,36.9
5165,36.9
5166,36.9
5167,36.9
5168,36.8
5169,36.8
5170,36.9
5171,36.9
5172,36.9
5173,36.8
5174,36.8
5175,36.8
5176,36.8
5177,36.8
5178,36.8
5179,36.8
5180,36.8
5181,36.8
5182,36.8
5183,36.8
5184,36.8
5185,36.8
5186,36.8
5187,36.9
5188,36.9
5189,36.9
5190,36.8
5191,36.8
5192,36.8
5193,36.7
5194,36.8
5195,36.7
5196,36.7
5197,36.8
5198,36.8
5199,36.8
5200,36.8
5201,36.9
5202,36.8
5203,36.9
5204,36.9
5205,36.9
5206,36.9
5207,36.9
5208,36.9
5209,36.9
5210,36.9
5211,36.9
5212,36.9
5213,36.9
5214,36.9
5215,36.9
5216,36.9
5217,36.9
5218,36.9
5219,36.9
5220,36.9
5221,36.9
5222,36.9
5223,36.9
5224,36.9
5225,36.9
5226,36.9
5227,36.9
5228,36.9
5229,36.9
5230,36.9
5231,36.9
5232,36.9
5233,36.9
5234,36.9
5235,36.9
5236,36.9
5237,36.9
5238,36.9
5239,36.9
5240,36.9
5241,36.9
5242,36.9
5243,36.9
5244,36.9
5245,36.9
5246,36.9
5247,36.9
5248,36.9
5249,36.9
5250,36.9
5251,36.9
5252,36.9
5253,36.9
5254,36.9
5255,36.9
5256,36.9
5257,36.9
5258,36.9
5259,36.9
5260,36.9
5261,36.9
5262,36.9
5263,36.9
5264,36.9
5265,36.9
5266,36.9
5267,36.9
5268,36.9
5269,36.9
5270,36.9
5271,36.9
5272,36.9
5273,36.9
5274,36.9
5275,36.9
5276,37.0
5277,36.9
5278,37.0
5279,36.9
5280,36.9
5281,37.0
5282,36.9
5283,36.9
5284,36.9
5285,36.9
5286,36.9
5287,36.9
5288,36.9
5289,36.9
5290,36.9
5291,36.9
5292,36.9
5293,36.9
5294,36.9
5295,36.9
5296,36.9
5297,36.9
5298,36.9
5299,36.9
5300,36.9
5301,36.9
5302,36.9
5303,36.9
5304,36.9
5305,36.9
5306,36.9
5307,36.9
5308,36.9
5309,36.9
5310,36.9
5311,36.9
5312,36.9
5313,36.9
5314,36.9
5315,36.9
5316,36.9
5317,36.9
5318,36.9
5319,36.9
5320,36.9
5321,36.9
5322,36.9
5323,36.9
5324,36.9
5325,36.9
5326,36.9
5327,36.9
5328,36.9
5329,36.8
5330,36.8
5331,36.9
5332,36.9
5333,36.9
5334,36.9
5335,36.9
5336,36.9
5337,36.9
5338,36.9
5339,36.9
5340,36.9
5341,36.9
5342,36.9
5343,36.9
5344,36.9
5345,36.9
5346,36.9
5347,36.9
5348,36.9
5349,36.9
5350,36.9
5351,36.9
5352,36.9
5353,36.9
5354,36.9
5355,36.9
5356,36.9
5357,36.9
5358,36.9
5359,36.9
5360,36.9
5361,36.9
5362,37.0
5363,36.9
5364,36.9
5365,36.9
5366,36.9
5367,37.0
5368,36.9
5369,36.9
5370,36.9
5371,36.9
5372,36.9
5373,36.9
5374,36.9
5375,36.9
5376,36.9
5377,36.9
5378,36.9
5379,36.9
5380,36.9
5381,36.9
5382,36.9
5383,36.9
5384,36.9
5385,36.9
5386,36.9
5387,36.9
5388,36.9
5389,36.9
5390,36.9
5391,36.9
5392,36.9
5393,36.9
5394,36.9
5395,36.9
5396,36.9
5397,36.9
5398,36.9
5399,36.9
5400,36.9
5401,36.9
5402,36.8
5403,36.8
5404,36.8
5405,36.8
5406,36.8
5407,36.8
5408,36.9
5409,36.8
5410,36.8
5411,36.8
5412,36.8
5413,36.8
5414,36.8
5415,36.8
5416,36.8
5417,36.8
5418,36.8
5419,36.8
5420,36.8
5421,36.9
5422,36.9
5423,36.8
5424,36.9
5425,36.9
5426,36.9
5427,36.9
5428,36.9
5429,36.9
5430,36.8
5431,36.8
5432,36.8
5433,36.8
5434,36.8
5435,36.8
5436,36.9
5437,36.9
5438,36.9
5439,36.9
5440,36.9
5441,36.9
5442,36.9
5443,36.9
5444,36.9
5445,36.9
5446,36.9
5447,36.9
5448,36.9
5449,36.9
5450,36.9
5451,36.9
5452,36.9
5453,36.9
5454,36.9
5455,36.9
5456,36.9
5457,36.9
5458,36.9
5459,36.9
5460,36.9
5461,36.9
5462,36.9
5463,36.9
5464,36.9
5465,36.9
5466,36.9
5467,36.9
5468,36.9
5469,36.9
5470,36.9
5471,36.9
5472,36.9
5473,36.8
5474,36.9
5475,36.9
5476,36.9
5477,36.9
5478,36.9
5479,36.9
5480,36.9
5481,36.9
5482,36.9
5483,36.9
5484,36.9
5485,36.9
5486,36.9
5487,36.9
5488,36.9
5489,36.9
5490,36.9
5491,36.9
5492,36.9
5493,36.9
5494,36.9
5495,36.9
5496,36.9
5497,36.9
5498,36.8
5499,36.8
5500,36.8
5501,36.8
5502,36.9
5503,36.9
5504,36.9
5505,36.9
5506,36.9
5507,36.9
5508,36.9
5509,36.9
5510,36.8
5511,36.9
5512,36.9
5513,36.9
5514,36.9
5515,36.9
5516,36.9
5517,36.9
5518,36.9
5519,36.9
5520,36.9
5521,36.8
5522,36.8
5523,36.9
5524,36.9
5525,36.9
5526,36.9
5527,36.9
5528,36.9
5529,36.9
5530,36.9
5531,36.9
5532,36.9
5533,36.9
5534,36.9
5535,36.9
5536,36.9
5537,36.9
5538,36.9
5539,36.9
5540,36.9
5541,36.9
5542,36.9
5543,36.9
5544,36.9
5545,36.9
5546,36.9
5547,36.9
5548,36.9
5549,36.8
5550,36.8
5551,36.9
5552,36.8
5553,36.9
5554,36.9
5555,36.9
5556,36.9
5557,36.9
5558,36.9
5559,36.9
5560,36.9
5561,36.9
5562,36.9
5563,36.9
5564,36.9
5565,36.8
5566,36.8
5567,36.8
5568,36.8
5569,36.8
5570,36.8
5571,36.8
5572,36.8
5573,36.9
5574,36.9
5575,36.9
5576,36.9
5577,36.9
5578,36.9
5579,36.9
5580,36.9
5581,36.9
5582,36.9
5583,36.9
5584,36.9
5585,36.9
5586,36.9
5587,36.9
5588,36.9
5589,36.9
5590,36.9
5591,36.9
5592,36.9
5593,36.9
5594,36.9
5595,36.9
5596,36.9
5597,36.9
5598,36.9
5599,36.9
5600,36.9
5601,36.9
5602,36.9
5603,36.9
5604,36.9
5605,36.9
5606,36.9
5607,36.9
5608,36.9
5609,36.9
5610,36.9
5611,36.9
5612,36.9
5613,36.9
5614,36.9
5615,36.9
5616,36.9
5617,36.9
5618,36.9
5619,36.9
5620,36.9
5621,36.9
5622,36.9
5623,36.9
5624,36.9
5625,36.9
5626,36.9
5627,36.9
5628,36.9
5629,36.9
5630,36.8
5631,36.8
5632,36.8
5633,36.8
5634,36.8
5635,36.7
5636,36.7
5637,36.7
5638,36.7
5639,36.7
5640,36.7
5641,36.7
5642,36.7
5643,36.7
5644,36.8
5645,36.8
5646,36.8
5647,36.8
5648,36.8
5649,36.8
5650,36.8
5651,36.9
5652,36.9
5653,36.8
5654,36.8
5655,36.9
5656,36.8
5657,36.8
5658,36.8
5659,36.9
5660,36.9
5661,36.9
5662,36.9
5663,36.9
5664,36.9
5665,36.9
5666,36.9
5667,36.9
5668,36.9
5669,36.9
5670,36.9
5671,36.9
5672,36.9
5673,36.9
5674,36.9
5675,36.9
5676,36.9
5677,36.9
5678,36.9
5679,36.9
5680,36.9
5681,36.8
5682,36.8
5683,36.8
5684,36.8
5685,36.8
5686,36.8
5687,36.8
5688,36.8
5689,36.8
5690,36.8
5691,36.9
5692,36.9
5693,36.9
5694,36.9
5695,36.9
5696,36.9
5697,36.9
5698,36.9
5699,36.8
5700,36.8
5701,36.8
5702,36.8
5703,36.8
5704,36.8
5705,36.8
5706,36.8
5707,36.8
5708,36.8
5709,36.8
5710,36.8
5711,36.8
5712,36.8
5713,36.8
5714,36.8
5715,36.8
5716,36.8
5717,36.8
5718,36.8
5719,36.8
5720,36.8
5721,36.9
5722,36.9
5723,36.9
5724,36.9
5725,36.9
5726,36.9
5727,36.9
5728,36.9
5729,36.9
5730,36.9
5731,36.9
5732,36.9
5733,36.9
5734,36.9
5735,36.9
5736,36.9
5737,36.9
5738,36.9
5739,36.9
5740,36.9
5741,36.9
5742,36.9
5743,36.9
5744,36.9
5745,36.9
5746,36.9
5747,36.9
5748,36.9
5749,36.9
5750,36.9
5751,36.9
5752,36.9
5753,36.9
5754,36.9
5755,36.9
5756,36.9
5757,36.9
5758,36.9
5759,36.9
5760,36.9
5761,36.9
5762,36.9
5763,36.9
5764,36.9
5765,36.9
5766,36.9
5767,36.8
5768,36.8
5769,36.8
5770,36.8
5771,36.8
5772,36.8
5773,36.8
5774,36.8
5775,36.8
5776,36.8
5777,36.8
5778,36.8
5779,36.8
5780,36.8
5781,36.8
5782,36.8
5783,36.8
5784,36.8
5785,36.8
5786,36.8
5787,36.8
5788,36.8
5789,36.8
5790,36.8
5791,36.8
5792,36.8
5793,36.9
5794,36.9
5795,36.9
5796,36.9
5797,36.9
5798,36.9
5799,36.9
5800,36.9
5801,36.9
5802,36.9
5803,36.9
5804,36.9
5805,36.9
5806,36.9
5807,36.9
5808,36.9
5809,36.8
5810,36.8
5811,36.9
5812,36.8
5813,36.9
5814,36.8
5815,36.8
5816,36.8
5817,36.8
5818,36.9
5819,36.9
5820,36.9
5821,36.9
5822,36.9
5823,36.9
5824,36.9
5825,36.9
5826,36.9
5827,36.9
5828,36.9
5829,36.8
5830,36.8
5831,36.8
5832,36.8
5833,36.9
5834,36.9
5835,36.8
5836,36.9
5837,36.8
5838,36.9
5839,36.8
5840,36.8
5841,36.8
5842,36.8
5843,36.8
5844,36.8
5845,36.8
5846,36.8
5847,36.8
5848,36.8
5849,36.8
5850,36.8
5851,36.8
5852,36.8
5853,36.9
5854,36.9
5855,36.9
5856,36.9
5857,36.9
5858,36.9
5859,36.9
5860,36.9
5861,36.9
5862,36.9
5863,36.9
5864,36.9
5865,36.9
5866,36.9
5867,36.9
5868,36.9
5869,36.9
5870,36.9
5871,36.9
5872,36.9
5873,36.9
5874,36.9
5875,36.9
5876,36.9
5877,36.9
5878,36.9
5879,36.8
5880,36.8
5881,36.9
5882,36.8
5883,36.8
5884,36.8
5885,36.8
5886,36.8
5887,36.8
5888,36.8
5889,36.8
5890,36.8
5891,36.8
5892,36.8
5893,36.8
5894,36.8
5895,36.8
5896,36.8
5897,36.8
5898,36.8
5899,36.8
5900,36.8
5901,36.8
5902,36.8
5903,36.8
5904,36.8
5905,36.8
5906,36.8
5907,36.8
5908,36.8
5909,36.8
5910,36.8
5911,36.8
5912,36.8
5913,36.8
5914,36.8
5915,36.8
5916,36.8
5917,36.8
5918,36.8
5919,36.9
5920,36.9
5921,36.8
5922,36.9
5923,36.9
5924,36.9
5925,36.9
5926,36.9
5927,36.9
5928,36.9
5929,36.9
5930,36.9
5931,36.9
5932,36.8
5933,36.9
5934,36.9
5935,36.8
5936,36.9
5937,36.9
5938,36.9
5939,36.8
5940,36.9
5941,36.8
5942,36.8
5943,36.8
5944,36.8
5945,36.8
5946,36.8
5947,36.8
5948,36.8
5949,36.8
5950,36.8
5951,36.8
5952,36.8
5953,36.8
5954,36.8
5955,36.8
5956,36.8
5957,36.8
5958,36.8
5959,36.8
5960,36.8
5961,36.8
5962,36.8
5963,36.8
5964,36.8
5965,36.8
5966,36.9
5967,36.9
5968,36.9
5969,36.9
5970,36.9
5971,36.9
5972,36.9
5973,36.9
5974,36.9
5975,36.9
5976,36.8
5977,36.9
5978,36.8
5979,36.8
5980,36.8
5981,36.8
5982,36.8
5983,36.8
5984,36.8
5985,36.8
5986,36.9
5987,36.8
5988,36.8
5989,36.9
5990,36.9
5991,36.9
5992,36.9
5993,36.9
5994,36.9
5995,36.9
5996,36.9
5997,36.9
5998,36.9
5999,36.9
6000,36.9
6001,36.9
6002,36.9
6003,36.9
6004,36.9
6005,36.9
6006,36.9
6007,36.9
6008,36.9
6009,36.9
6010,36.9
6011,36.9
6012,36.9
6013,36.9
6014,36.9
6015,36.9
6016,36.9
6017,36.9
6018,36.9
6019,36.9
6020,36.9
6021,36.9
6022,36.9
6023,36.9
6024,36.9
6025,36.9
6026,36.9
6027,36.9
6028,36.9
6029,36.9
6030,36.9
6031,36.9
6032,36.9
6033,36.9
6034,36.9
6035,36.9
6036,36.9
6037,36.9
6038,36.9
6039,36.9
6040,36.9
6041,36.9
6042,36.8
6043,36.8
6044,36.8
6045,36.8
6046,36.8
6047,36.8
6048,36.8
6049,36.8
6050,36.8
6051,36.8
6052,36.8
6053,36.8
6054,36.8
6055,36.8
6056,36.8
6057,36.8
6058,36.8
6059,36.8
6060,36.8
6061,36.8
6062,36.8
6063,36.8
6064,36.8
6065,36.8
6066,36.8
6067,36.8
6068,36.8
6069,36.8
6070,36.8
6071,36.8
6072,36.8
6073,36.8
6074,36.8
6075,36.8
6076,36.8
6077,36.8
6078,36.8
6079,36.8
6080,36.8
6081,36.8
6082,36.8
6083,36.8
6084,36.8
6085,36.8
6086,36.8
6087,36.8
6088,36.8
6089,36.8
6090,36.8
6091,36.8
6092,36.8
6093,36.8
6094,36.8
6095,36.8
6096,36.8
6097,36.8
6098,36.7
6099,36.7
6100,36.7
6101,36.7
6102,36.8
6103,36.8
6104,36.7
6105,36.8
6106,36.7
6107,36.7
6108,36.7
6109,36.7
6110,36.7
6111,36.7
6112,36.7
6113,36.7
6114,36.7
6115,36.7
6116,36.7
6117,36.7
6118,36.7
6119,36.7
6120,36.7
6121,36.7
6122,36.8
6123,36.8
6124,36.8
6125,36.8
6126,36.8
6127,36.8
6128,36.8
6129,36.8
6130,36.8
6131,36.8
6132,36.8
6133,36.8
6134,36.8
6135,36.8
6136,36.8
6137,36.8
6138,36.8
6139,36.8
6140,36.8
6141,36.8
6142,36.8
6143,36.8
6144,36.8
6145,36.8
6146,36.8
6147,36.8
6148,36.8
6149,36.8
6150,36.9
6151,36.9
6152,36.9
6153,36.9
6154,36.8
6155,36.8
6156,36.9
6157,36.9
6158,36.9
6159,36.9
6160,36.9
6161,36.9
6162,36.9
6163,36.9
6164,36.9
6165,36.9
6166,36.9
6167,36.9
6168,36.8
6169,36.9
6170,36.8
6171,36.8
6172,36.9
6173,36.9
6174,36.8
6175,36.8
6176,36.8
6177,36.9
6178,36.9
6179,36.9
6180,36.9
6181,36.9
6182,36.9
6183,36.9
6184,36.9
6185,36.9
6186,36.9
6187,36.8
6188,36.8
6189,36.8
6190,36.8
6191,36.8
6192,36.8
6193,36.8
6194,36.8
6195,36.8
6196,36.8
6197,36.8
6198,36.8
6199,36.8
6200,36.8
6201,36.9
6202,36.9
6203,36.8
6204,36.8
6205,36.9
6206,36.9
6207,36.9
6208,36.9
6209,36.8
6210,36.8
6211,36.8
6212,36.8
6213,36.9
6214,36.8
6215,36.8
6216,36.8
6217,36.8
6218,36.8
6219,36.8
6220,36.8
6221,36.8
6222,36.8
6223,36.8
6224,36.8
6225,36.8
6226,36.8
6227,36.8
6228,36.8
6229,36.8
6230,36.8
6231,36.8
6232,36.8
6233,36.8
6234,36.8
6235,36.8
6236,36.8
6237,36.8
6238,36.8
6239,36.8
6240,36.8
6241,36.8
6242,36.9
6243,36.8
6244,36.8
6245,36.8
6246,36.8
6247,36.8
6248,36.8
6249,36.8
6250,36.8
6251,36.8
6252,36.8
6253,36.8
6254,36.8
6255,36.8
6256,36.9
6257,36.8
6258,36.8
6259,36.8
6260,36.8
6261,36.8
6262,36.8
6263,36.8
6264,36.8
6265,36.8
6266,36.8
6267,36.8
6268,36.8
6269,36.8
6270,36.8
6271,36.8
6272,36.8
6273,36.8
6274,36.8
6275,36.8
6276,36.8
6277,36.8
6278,36.8
6279,36.8
6280,36.8
6281,36.8
6282,36.8
6283,36.8
6284,36.8
6285,36.8
6286,36.8
6287,36.8
6288,36.8
6289,36.8
6290,36.8
6291,36.8
6292,36.8
6293,36.8
6294,36.8
6295,36.8
6296,36.8
6297,36.8
6298,36.8
6299,36.8
6300,36.8
6301,36.8
6302,36.8
6303,36.8
6304,36.8
6305,36.8
6306,36.8
6307,36.8
6308,36.8
6309,36.8
6310,36.8
6311,36.8
6312,36.8
6313,36.8
6314,36.8
6315,36.8
6316,36.8
6317,36.8
6318,36.8
6319,36.8
6320,36.8
6321,36.7
6322,36.7
6323,36.7
6324,36.8
6325,36.8
6326,36.8
6327,36.8
6328,36.8
6329,36.8
6330,36.8
6331,36.8
6332,36.8
6333,36.8
6334,36.8
6335,36.8
6336,36.8
6337,36.8
6338,36.8
6339,36.8
6340,36.8
6341,36.8
6342,36.8
6343,36.8
6344,36.8
6345,36.8
6346,36.8
6347,36.8
6348,36.8
6349,36.8
6350,36.8
6351,36.8
6352,36.8
6353,36.8
6354,36.7
6355,36.8
6356,36.8
6357,36.8
6358,36.8
6359,36.8
6360,36.8
6361,36.8
6362,36.8
6363,36.8
6364,36.8
6365,36.7
6366,36.8
6367,36.7
6368,36.8
6369,36.8
6370,36.8
6371,36.8
6372,36.8
6373,36.8
6374,36.7
6375,36.7
6376,36.8
6377,36.8
6378,36.7
6379,36.7
6380,36.7
6381,36.7
6382,36.7
6383,36.7
6384,36.7
6385,36.7
6386,36.7
6387,36.7
6388,36.7
6389,36.8
6390,36.8
6391,36.8
6392,36.8
6393,36.8
6394,36.8
6395,36.8
6396,36.8
6397,36.8
6398,36.8
6399,36.8
6400,36.8
6401,36.8
6402,36.8
6403,36.8
6404,36.8
6405,36.8
6406,36.8
6407,36.8
6408,36.8
6409,36.8
6410,36.8
6411,36.8
6412,36.8
6413,36.8
6414,36.8
6415,36.8
6416,36.8
6417,36.8
6418,36.8
6419,36.8
6420,36.8
6421,36.8
6422,36.8
6423,36.8
6424,36.7
6425,36.8
6426,36.8
6427,36.8
6428,36.8
6429,36.8
6430,36.8
6431,36.8
6432,36.8
6433,36.8
6434,36.8
6435,36.8
6436,36.8
6437,36.8
6438,36.8
6439,36.8
6440,36.8
6441,36.7
6442,36.7
6443,36.8
6444,36.8
6445,36.8
6446,36.8
6447,36.8
6448,36.8
6449,36.8
6450,36.8
6451,36.8
6452,36.8
6453,36.8
6454,36.8
6455,36.8
6456,36.8
6457,36.8
6458,36.7
6459,36.7
6460,36.8
6461,36.8
6462,36.8
6463,36.8
6464,36.8
6465,36.8
6466,36.8
6467,36.8
6468,36.7
6469,36.7
6470,36.7
6471,36.7
6472,36.7
6473,36.7
6474,36.7
6475,36.7
6476,36.7
6477,36.7
6478,36.7
6479,36.7
6480,36.7
6481,36.7
6482,36.7
6483,36.7
6484,36.7
6485,36.7
6486,36.7
6487,36.7
6488,36.7
6489,36.7
6490,36.7
6491,36.7
6492,36.7
6493,36.7
6494,36.7
6495,36.7
6496,36.7
6497,36.7
6498,36.7
6499,36.7
6500,36.7
6501,36.7
6502,36.7
6503,36.7
6504,36.7
6505,36.7
6506,36.7
6507,36.7
6508,36.7
6509,36.7
6510,36.7
6511,36.7
6512,36.7
6513,36.7
6514,36.7
6515,36.7
6516,36.7
6517,36.7
6518,36.7
6519,36.7
6520,36.7
6521,36.7
6522,36.7
6523,36.7
6524,36.7
6525,36.7
6526,36.7
6527,36.7
6528,36.7
6529,36.7
6530,36.7
6531,36.6
6532,36.7
6533,36.7
6534,36.7
6535,36.7
6536,36.7
6537,36.7
6538,36.7
6539,36.7
6540,36.7
6541,36.8
6542,36.8
6543,36.8
6544,36.7
6545,36.8
6546,36.7
6547,36.7
6548,36.7
6549,36.8
6550,36.7
6551,36.8
6552,36.8
6553,36.8
6554,36.8
6555,36.7
6556,36.7
6557,36.7
6558,36.7
6559,36.7
6560,36.7
6561,36.7
6562,36.7
6563,36.7
6564,36.7
6565,36.7
6566,36.7
6567,36.7
6568,36.8
6569,36.7
6570,36.7
6571,36.7
6572,36.8
6573,36.8
6574,36.8
6575,36.7
6576,36.8
6577,36.8
6578,36.7
6579,36.7
6580,36.7
6581,36.7
6582,36.7
6583,36.6
6584,36.6
6585,36.6
6586,36.6
6587,36.6
6588,36.6
6589,36.6
6590,36.6
6591,36.7
6592,36.7
6593,36.7
6594,36.7
6595,36.7
6596,36.7
6597,36.7
6598,36.7
6599,36.7
6600,36.7
6601,36.7
6602,36.7
6603,36.7
6604,36.7
6605,36.7
6606,36.7
6607,36.7
6608,36.7
6609,36.7
6610,36.7
6611,36.8
6612,36.7
6613,36.7
6614,36.7
6615,36.8
6616,36.8
6617,36.7
6618,36.7
6619,36.7
6620,36.7
6621,36.7
6622,36.7
6623,36.8
6624,36.8
6625,36.8
6626,36.8
6627,36.7
6628,36.7
6629,36.7
6630,36.7
6631,36.7
6632,36.7
6633,36.7
6634,36.7
6635,36.7
6636,36.7
6637,36.7
6638,36.7
6639,36.7
6640,36.7
6641,36.7
6642,36.7
6643,36.7
6644,36.7
6645,36.7
6646,36.7
6647,36.8
6648,36.7
6649,36.8
6650,36.8
6651,36.8
6652,36.7
6653,36.7
6654,36.7
6655,36.7
6656,36.7
6657,36.7
6658,36.7
6659,36.7
6660,36.7
6661,36.7
6662,36.7
6663,36.7
6664,36.7
6665,36.7
6666,36.7
6667,36.7
6668,36.7
6669,36.7
6670,36.7
6671,36.7
6672,36.7
6673,36.7
6674,36.7
6675,36.7
6676,36.7
6677,36.7
6678,36.7
6679,36.8
6680,36.8
6681,36.7
6682,36.7
6683,36.7
6684,36.7
6685,36.7
6686,36.7
6687,36.7
6688,36.7
6689,36.7
6690,36.7
6691,36.7
6692,36.7
6693,36.7
6694,36.7
6695,36.7
6696,36.7
6697,36.7
6698,36.7
6699,36.7
6700,36.7
6701,36.7
6702,36.7
6703,36.7
6704,36.6
6705,36.6
6706,36.6
6707,36.7
6708,36.7
6709,36.7
6710,36.7
6711,36.7
6712,36.7
6713,36.7
6714,36.7
6715,36.7
6716,36.7
6717,36.7
6718,36.7
6719,36.7
6720,36.7
6721,36.7
6722,36.7
6723,36.7
6724,36.7
6725,36.7
6726,36.7
6727,36.7
6728,36.7
6729,36.7
6730,36.7
6731,36.6
6732,36.6
6733,36.6
6734,36.6
6735,36.6
6736,36.6
6737,36.6
6738,36.6
6739,36.6
6740,36.6
6741,36.6
6742,36.6
6743,36.6
6744,36.6
6745,36.6
6746,36.6
6747,36.6
6748,36.7
6749,36.6
6750,36.6
6751,36.7
6752,36.7
6753,36.7
6754,36.7
6755,36.7
6756,36.7
6757,36.7
6758,36.7
6759,36.7
6760,36.7
6761,36.7
6762,36.7
6763,36.7
6764,36.7
6765,36.7
6766,36.7
6767,36.7
6768,36.7
6769,36.7
6770,36.7
6771,36.7
6772,36.7
6773,36.7
6774,36.7
6775,36.7
6776,36.7
6777,36.7
6778,36.7
6779,36.7
6780,36.7
6781,36.7
6782,36.7
6783,36.7
6784,36.7
6785,36.7
6786,36.7
6787,36.7
6788,36.7
6789,36.7
6790,36.7
6791,36.7
6792,36.7
6793,36.7
6794,36.7
6795,36.7
6796,36.7
6797,36.7
6798,36.7
6799,36.7
6800,36.6
6801,36.6
6802,36.6
6803,36.6
6804,36.6
6805,36.6
6806,36.6
6807,36.6
6808,36.6
6809,36.6
6810,36.6
6811,36.6
6812,36.6
6813,36.6
6814,36.6
6815,36.6
6816,36.6
6817,36.6
6818,36.6
6819,36.6
6820,36.6
6821,36.6
6822,36.6
6823,36.6
6824,36.6
6825,36.6
6826,36.7
6827,36.7
6828,36.7
6829,36.7
6830,36.7
6831,36.6
6832,36.7
6833,36.6
6834,36.6
6835,36.7
6836,36.6
6837,36.7
6838,36.6
6839,36.7
6840,36.7
6841,36.7
6842,36.7
6843,36.6
6844,36.6
6845,36.6
6846,36.6
6847,36.5
6848,36.5
6849,36.5
6850,36.5
6851,36.5
6852,36.5
6853,36.6
6854,36.6
6855,36.6
6856,36.6
6857,36.6
6858,36.6
6859,36.6
6860,36.6
6861,36.6
6862,36.6
6863,36.6
6864,36.6
6865,36.6
6866,36.6
6867,36.6
6868,36.6
6869,36.6
6870,36.6
6871,36.6
6872,36.6
6873,36.6
6874,36.6
6875,36.6
6876,36.6
6877,36.6
6878,36.6
6879,36.6
6880,36.6
6881,36.6
6882,36.6
6883,36.6
6884,36.6
6885,36.6
6886,36.6
6887,36.6
6888,36.6
6889,36.6
6890,36.6
6891,36.6
6892,36.6
6893,36.6
6894,36.6
6895,36.6
6896,36.6
6897,36.6
6898,36.6
6899,36.6
6900,36.6
6901,36.6
6902,36.6
6903,36.6
6904,36.6
6905,36.6
6906,36.6
6907,36.6
6908,36.6
6909,36.6
6910,36.6
6911,36.6
6912,36.6
6913,36.6
6914,36.6
6915,36.6
6916,36.6
6917,36.6
6918,36.6
6919,36.6
6920,36.6
6921,36.6
6922,36.6
6923,36.6
6924,36.6
6925,36.7
6926,36.7
6927,36.7
6928,36.6
6929,36.7
6930,36.7
6931,36.6
6932,36.6
6933,36.6
6934,36.6
6935,36.6
6936,36.6
6937,36.6
6938,36.6
6939,36.6
6940,36.6
6941,36.6
6942,36.6
6943,36.6
6944,36.6
6945,36.6
6946,36.6
6947,36.6
6948,36.6
6949,36.6
6950,36.6
6951,36.6
6952,36.6
6953,36.6
6954,36.6
6955,36.6
6956,36.6
6957,36.6
6958,36.6
6959,36.6
6960,36.6
6961,36.6
6962,36.6
6963,36.6
6964,36.6
6965,36.6
6966,36.6
6967,36.6
6968,36.6
6969,36.6
6970,36.6
6971,36.6
6972,36.6
6973,36.6
6974,36.6
6975,36.6
6976,36.6
6977,36.6
6978,36.6
6979,36.6
6980,36.6
6981,36.6
6982,36.6
6983,36.6
6984,36.6
6985,36.5
6986,36.5
6987,36.5
6988,36.5
6989,36.5
6990,36.5
6991,36.5
6992,36.5
6993,36.5
6994,36.5
6995,36.5
6996,36.5
6997,36.5
6998,36.5
6999,36.5
7000,36.5
7001,36.5
7002,36.5
7003,36.5
7004,36.5
7005,36.5
7006,36.5
7007,36.5
7008,36.5
7009,36.5
7010,36.5
7011,36.5
7012,36.5
7013,36.5
7014,36.5
7015,36.5
7016,36.5
7017,36.5
7018,36.5
7019,36.5
7020,36.5
7021,36.5
7022,36.5
7023,36.5
7024,36.6
7025,36.5
7026,36.5
7027,36.5
7028,36.5
7029,36.5
7030,36.5
7031,36.5
7032,36.6
7033,36.6
7034,36.6
7035,36.6
7036,36.6
7037,36.6
7038,36.6
7039,36.6
7040,36.5
7041,36.5
7042,36.5
7043,36.5
7044,36.5
7045,36.5
7046,36.5
7047,36.5
7048,36.5
7049,36.5
7050,36.5
7051,36.5
7052,36.5
7053,36.6
7054,36.6
7055,36.6
7056,36.6
7057,36.5
7058,36.5
7059,36.5
7060,36.5
7061,36.5
7062,36.6
7063,36.6
7064,36.6
7065,36.6
7066,36.6
7067,36.6
7068,36.6
7069,36.6
7070,36.6
7071,36.6
7072,36.6
7073,36.6
7074,36.6
7075,36.6
7076,36.6
7077,36.6
7078,36.6
7079,36.6
7080,36.6
7081,36.6
7082,36.6
7083,36.6
7084,36.6
7085,36.6
7086,36.6
7087,36.6
7088,36.6
7089,36.6
7090,36.6
7091,36.6
7092,36.6
7093,36.6
7094,36.6
7095,36.6
7096,36.6
7097,36.6
7098,36.6
7099,36.5
7100,36.5
7101,36.5
7102,36.5
7103,36.6
7104,36.5
7105,36.5
7106,36.5
7107,36.5
7108,36.5
7109,36.5
7110,36.5
7111,36.5
7112,36.5
7113,36.5
7114,36.5
7115,36.5
7116,36.6
7117,36.5
7118,36.5
7119,36.5
7120,36.6
7121,36.6
7122,36.6
7123,36.6
7124,36.6
7125,36.6
7126,36.5
7127,36.5
7128,36.5
7129,36.6
7130,36.5
7131,36.6
7132,36.6
7133,36.5
7134,36.5
7135,36.5
7136,36.5
7137,36.5
7138,36.5
7139,36.5
7140,36.5
7141,36.5
7142,36.5
7143,36.5
7144,36.5
7145,36.5
7146,36.5
7147,36.5
7148,36.5
7149,36.5
7150,36.5
7151,36.5
7152,36.5
7153,36.5
7154,36.5
7155,36.5
7156,36.5
7157,36.5
7158,36.5
7159,36.5
7160,36.5
7161,36.5
7162,36.5
7163,36.5
7164,36.5
7165,36.5
7166,36.5
7167,36.5
7168,36.5
7169,36.5
7170,36.5
7171,36.5
7172,36.5
7173,36.5
7174,36.5
7175,36.5
7176,36.5
7177,36.5
7178,36.5
7179,36.5
7180,36.5
7181,36.5
7182,36.5
7183,36.5
7184,36.5
7185,36.5
7186,36.5
7187,36.5
7188,36.5
7189,36.5
7190,36.5
7191,36.5
7192,36.5
7193,36.5
7194,36.5
7195,36.5
7196,36.5
7197,36.5
7198,36.5
7199,36.5
7200,36.5
7201,36.5
7202,36.5
7203,36.5
7204,36.5
7205,36.5
7206,36.5
7207,36.5
7208,36.5
7209,36.4
7210,36.4
7211,36.4
7212,36.3
7213,36.4
7214,36.4
7215,36.3
7216,36.4
7217,36.4
7218,36.4
7219,36.4
7220,36.4
7221,36.4
7222,36.4
7223,36.4
7224,36.4
7225,36.4
7226,36.4
7227,36.4
7228,36.4
7229,36.4
7230,36.4
7231,36.4
7232,36.4
7233,36.4
7234,36.4
7235,36.4
7236,36.4
7237,36.4
7238,36.4
7239,36.4
7240,36.4
7241,36.5
7242,36.5
7243,36.5
7244,36.5
7245,36.5
7246,36.4
7247,36.4
7248,36.4
7249,36.4
7250,36.4
7251,36.4
7252,36.4
7253,36.4
7254,36.4
7255,36.4
7256,36.4
7257,36.4
7258,36.4
7259,36.4
7260,36.4
7261,36.4
7262,36.4
7263,36.5
7264,36.5
7265,36.4
7266,36.4
7267,36.5
7268,36.5
7269,36.5
7270,36.5
7271,36.5
7272,36.5
7273,36.5
7274,36.5
7275,36.5
7276,36.5
7277,36.5
7278,36.5
7279,36.5
7280,36.5
7281,36.5
7282,36.5
7283,36.5
7284,36.5
7285,36.5
7286,36.5
7287,36.5
7288,36.5
7289,36.5
7290,36.5
7291,36.5
7292,36.5
7293,36.5
7294,36.5
7295,36.5
7296,36.5
7297,36.5
7298,36.5
7299,36.4
7300,36.5
7301,36.5
7302,36.4
7303,36.5
7304,36.5
7305,36.4
7306,36.4
7307,36.4
7308,36.4
7309,36.3
7310,36.3
7311,36.3
7312,36.3
7313,36.3
7314,36.4
7315,36.4
7316,36.4
7317,36.4
7318,36.4
7319,36.4
7320,36.4
7321,36.4
7322,36.4
7323,36.4
7324,36.5
7325,36.4
7326,36.4
7327,36.4
7328,36.4
7329,36.4
7330,36.4
7331,36.4
7332,36.4
7333,36.4
7334,36.4
7335,36.4
7336,36.4
7337,36.4
7338,36.4
7339,36.4
7340,36.4
7341,36.4
7342,36.4
7343,36.4
7344,36.4
7345,36.4
7346,36.4
7347,36.4
7348,36.4
7349,36.4
7350,36.4
7351,36.4
7352,36.4
7353,36.4
7354,36.4
7355,36.4
7356,36.4
7357,36.4
7358,36.5
7359,36.4
7360,36.4
7361,36.4
7362,36.4
7363,36.4
7364,36.4
7365,36.4
7366,36.4
7367,36.4
7368,36.4
7369,36.4
7370,36.4
7371,36.4
7372,36.4
7373,36.4
7374,36.4
7375,36.4
7376,36.4
7377,36.4
7378,36.4
7379,36.4
7380,36.4
7381,36.4
7382,36.4
7383,36.4
7384,36.4
7385,36.4
7386,36.4
7387,36.3
7388,36.3
7389,36.4
7390,36.4
7391,36.4
7392,36.4
7393,36.4
7394,36.4
7395,36.4
7396,36.4
7397,36.4
7398,36.4
7399,36.4
7400,36.4
7401,36.3
7402,36.3
7403,36.3
7404,36.3
7405,36.3
7406,36.3
7407,36.3
7408,36.3
7409,36.3
7410,36.3
7411,36.3
7412,36.3
7413,36.3
7414,36.4
7415,36.3
7416,36.3
7417,36.3
7418,36.3
7419,36.3
7420,36.3
7421,36.3
7422,36.3
7423,36.3
7424,36.3
7425,36.3
7426,36.3
7427,36.3
7428,36.3
7429,36.3
7430,36.4
7431,36.4
7432,36.4
7433,36.4
7434,36.4
7435,36.3
7436,36.3
7437,36.3
7438,36.4
7439,36.3
7440,36.3
7441,36.3
7442,36.3
7443,36.3
7444,36.3
7445,36.3
7446,36.3
7447,36.3
7448,36.4
7449,36.3
7450,36.3
7451,36.4
7452,36.4
7453,36.4
7454,36.4
7455,36.4
7456,36.3
7457,36.4
7458,36.3
7459,36.3
7460,36.4
7461,36.4
7462,36.4
7463,36.4
7464,36.4
7465,36.4
7466,36.4
7467,36.4
7468,36.4
7469,36.4
7470,36.4
7471,36.3
7472,36.4
7473,36.4
7474,36.4
7475,36.4
7476,36.4
7477,36.4
7478,36.4
7479,36.4
7480,36.4
7481,36.4
7482,36.3
7483,36.3
7484,36.3
7485,36.3
7486,36.3
7487,36.3
7488,36.3
7489,36.3
7490,36.3
7491,36.4
7492,36.3
7493,36.3
7494,36.4
7495,36.4
7496,36.4
7497,36.4
7498,36.4
7499,36.4
7500,36.4
7501,36.4
7502,36.4
7503,36.4
7504,36.4
7505,36.4
7506,36.4
7507,36.4
7508,36.4
7509,36.4
7510,36.4
7511,36.4
7512,36.4
7513,36.4
7514,36.4
7515,36.4
7516,36.4
7517,36.4
7518,36.4
7519,36.3
7520,36.4
7521,36.4
7522,36.4
7523,36.4
7524,36.4
7525,36.4
7526,36.4
7527,36.4
7528,36.3
7529,36.3
7530,36.3
7531,36.4
7532,36.4
7533,36.4
7534,36.4
7535,36.4
7536,36.4
7537,36.4
7538,36.4
7539,36.3
7540,36.3
7541,36.4
7542,36.4
7543,36.4
7544,36.3
7545,36.4
7546,36.4
7547,36.3
7548,36.3
7549,36.3
7550,36.3
7551,36.3
7552,36.3
7553,36.3
7554,36.3
7555,36.3
7556,36.3
7557,36.3
7558,36.3
7559,36.3
7560,36.3
7561,36.3
7562,36.3
7563,36.3
7564,36.3
7565,36.3
7566,36.3
7567,36.3
7568,36.3
7569,36.3
7570,36.3
7571,36.3
7572,36.3
7573,36.3
7574,36.3
7575,36.3
7576,36.3
7577,36.3
7578,36.3
7579,36.3
7580,36.3
7581,36.3
7582,36.3
7583,36.3
7584,36.3
7585,36.3
7586,36.3
7587,36.3
7588,36.3
7589,36.3
7590,36.3
7591,36.3
7592,36.3
7593,36.3
7594,36.3
7595,36.3
7596,36.3
7597,36.3
7598,36.3
7599,36.3
7600,36.3
7601,36.3
7602,36.3
7603,36.3
7604,36.3
7605,36.3
7606,36.3
7607,36.3
7608,36.3
7609,36.3
7610,36.3
7611,36.3
7612,36.3
7613,36.3
7614,36.3
7615,36.3
7616,36.3
7617,36.3
7618,36.3
7619,36.3
7620,36.3
7621,36.3
7622,36.3
7623,36.3
7624,36.3
7625,36.3
7626,36.3
7627,36.3
7628,36.3
7629,36.3
7630,36.3
7631,36.3
7632,36.3
7633,36.3
7634,36.3
7635,36.3
7636,36.3
7637,36.3
7638,36.3
7639,36.3
7640,36.3
7641,36.3
7642,36.3
7643,36.3
7644,36.3
7645,36.3
7646,36.3
7647,36.2
7648,36.2
7649,36.2
7650,36.2
7651,36.2
7652,36.2
7653,36.2
7654,36.2
7655,36.3
7656,36.3
7657,36.3
7658,36.3
7659,36.3
7660,36.3
7661,36.3
7662,36.3
7663,36.3
7664,36.3
7665,36.3
7666,36.3
7667,36.3
7668,36.3
7669,36.2
7670,36.3
7671,36.2
7672,36.2
7673,36.2
7674,36.2
7675,36.2
7676,36.2
7677,36.3
7678,36.2
7679,36.3
7680,36.3
7681,36.3
7682,36.3
7683,36.3
7684,36.3
7685,36.3
7686,36.3
7687,36.3
7688,36.3
7689,36.3
7690,36.3
7691,36.3
7692,36.3
7693,36.3
7694,36.3
7695,36.3
7696,36.3
7697,36.2
7698,36.2
7699,36.2
7700,36.2
7701,36.2
7702,36.2
7703,36.2
7704,36.2
7705,36.2
7706,36.2
7707,36.2
7708,36.2
7709,36.2
7710,36.2
7711,36.2
7712,36.2
7713,36.2
7714,36.2
7715,36.2
7716,36.2
7717,36.2
7718,36.2
7719,36.2
7720,36.2
7721,36.2
7722,36.2
7723,36.2
7724,36.2
7725,36.2
7726,36.2
7727,36.1
7728,36.2
7729,36.2
7730,36.2
7731,36.2
7732,36.2
7733,36.2
7734,36.2
7735,36.2
7736,36.2
7737,36.2
7738,36.2
7739,36.2
7740,36.2
7741,36.2
7742,36.2
7743,36.2
7744,36.2
7745,36.2
7746,36.2
7747,36.2
7748,36.2
7749,36.2
7750,36.2
7751,36.2
7752,36.2
7753,36.2
7754,36.2
7755,36.2
7756,36.2
7757,36.2
7758,36.2
7759,36.2
7760,36.2
7761,36.2
7762,36.2
7763,36.2
7764,36.2
7765,36.2
7766,36.2
7767,36.2
7768,36.2
7769,36.2
7770,36.2
7771,36.2
7772,36.2
7773,36.2
7774,36.2
7775,36.2
7776,36.2
7777,36.2
7778,36.2
7779,36.2
7780,36.2
7781,36.2
7782,36.2
7783,36.2
7784,36.2
7785,36.2
7786,36.2
7787,36.2
7788,36.2
7789,36.2
7790,36.2
7791,36.2
7792,36.2
7793,36.2
7794,36.2
7795,36.2
7796,36.2
7797,36.2
7798,36.2
7799,36.2
7800,36.2
7801,36.2
7802,36.2
7803,36.2
7804,36.2
7805,36.2
7806,36.2
7807,36.2
7808,36.2
7809,36.2
7810,36.2
7811,36.2
7812,36.2
7813,36.2
7814,36.2
7815,36.2
7816,36.2
7817,36.2
7818,36.2
7819,36.2
7820,36.2
7821,36.2
7822,36.2
7823,36.2
7824,36.2
7825,36.1
7826,36.1
7827,36.1
7828,36.1
7829,36.1
7830,36.0
7831,36.0
7832,36.0
7833,36.0
7834,36.0
7835,36.0
7836,36.0
7837,36.0
7838,36.1
7839,36.1
7840,36.1
7841,36.1
7842,36.1
7843,36.1
7844,36.1
7845,36.1
7846,36.1
7847,36.1
7848,36.1
7849,36.1
7850,36.1
7851,36.1
7852,36.1
7853,36.1
7854,36.1
7855,36.1
7856,36.1
7857,36.1
7858,36.1
7859,36.2
7860,36.2
7861,36.1
7862,36.2
7863,36.2
7864,36.1
7865,36.1
7866,36.1
7867,36.2
7868,36.2
7869,36.2
7870,36.2
7871,36.2
7872,36.2
7873,36.2
7874,36.2
7875,36.2
7876,36.2
7877,36.2
7878,36.2
7879,36.2
7880,36.2
7881,36.2
7882,36.2
7883,36.2
7884,36.2
7885,36.2
7886,36.2
7887,36.2
7888,36.2
7889,36.2
7890,36.2
7891,36.2
7892,36.2
7893,36.2
7894,36.2
7895,36.1
7896,36.1
7897,36.1
7898,36.1
7899,36.2
7900,36.1
7901,36.1
7902,36.1
7903,36.1
7904,36.1
7905,36.1
7906,36.1
7907,36.1
7908,36.2
7909,36.2
7910,36.2
7911,36.1
7912,36.1
7913,36.2
7914,36.2
7915,36.1
7916,36.1
7917,36.2
7918,36.2
7919,36.2
7920,36.2
7921,36.2
7922,36.2
7923,36.2
7924,36.2
7925,36.2
7926,36.2
7927,36.1
7928,36.1
7929,36.1
7930,36.0
7931,36.0
7932,36.0
7933,36.0
7934,35.9
7935,35.9
7936,35.9
7937,35.9
7938,35.9
7939,35.9
7940,35.9
7941,35.9
7942,35.9
7943,35.9
7944,35.9
7945,35.9
7946,35.9
7947,36.0
7948,36.0
7949,36.0
7950,36.0
7951,36.0
7952,36.0
7953,36.0
7954,36.0
7955,36.0
7956,36.0
7957,36.0
7958,36.0
7959,36.0
7960,36.0
7961,36.0
7962,36.0
7963,36.0
7964,36.0
7965,36.0
7966,36.0
7967,36.0
7968,36.0
7969,36.0
7970,36.1
7971,36.1
7972,36.1
7973,36.1
7974,36.1
7975,36.1
7976,36.1
7977,36.1
7978,36.1
7979,36.1
7980,36.1
7981,36.1
7982,36.1
7983,36.1
7984,36.1
7985,36.1
7986,36.1
7987,36.1
7988,36.1
7989,36.1
7990,36.1
7991,36.1
7992,36.1
7993,36.1
7994,36.1
7995,36.1
7996,36.2
7997,36.1
7998,36.1
7999,36.1
8000,36.1
8001,36.1
8002,36.1
8003,36.1
8004,36.1
8005,36.1
8006,36.1
8007,36.1
8008,36.1
8009,36.1
8010,36.1
8011,36.1
8012,36.1
8013,36.1
8014,36.1
8015,36.1
8016,36.1
8017,36.1
8018,36.1
8019,36.1
8020,36.1
8021,36.1
8022,36.1
8023,36.1
8024,36.1
8025,36.1
8026,36.1
8027,36.1
8028,36.1
8029,36.1
8030,36.1
8031,36.1
8032,36.1
8033,36.1
8034,36.1
8035,36.1
8036,36.1
8037,36.1
8038,36.1
8039,36.1
8040,36.1
8041,36.1
8042,36.1
8043,36.1
8044,36.1
8045,36.1
8046,36.1
8047,36.1
8048,36.1
8049,36.1
8050,36.1
8051,36.1
8052,36.1
8053,36.1
8054,36.1
8055,36.1
8056,36.1
8057,36.1
8058,36.1
8059,36.1
8060,36.1
8061,36.1
8062,36.1
8063,36.1
8064,36.1
8065,36.1
8066,36.1
8067,36.1
8068,36.1
8069,36.1
8070,36.1
8071,36.0
8072,36.0
8073,36.0
8074,35.9
8075,35.8
8076,35.8
8077,35.8
8078,35.7
8079,35.7
8080,35.6
8081,35.6
8082,35.6
8083,35.6
8084,35.6
8085,35.6
8086,35.6
8087,35.6
8088,35.6
8089,35.6
8090,35.6
8091,35.6
8092,35.6
8093,35.5
8094,35.5
8095,35.5
8096,35.5
8097,35.5
8098,35.5
8099,35.5
8100,35.4
8101,35.4
8102,35.5
8103,35.4
8104,35.4
8105,35.5
8106,35.4
8107,35.4
8108,35.4
8109,35.4
8110,35.4
8111,35.4
8112,35.4
8113,35.5
8114,35.5
8115,35.4
8116,35.4
8117,35.4
8118,35.4
8119,35.5
8120,35.5
8121,35.4
8122,35.4
8123,35.5
8124,35.5
8125,35.5
8126,35.5
8127,35.5
8128,35.4
8129,35.5
8130,35.5
8131,35.5
8132,35.4
8133,35.4
8134,35.4
8135,35.4
8136,35.4
8137,35.4
8138,35.4
8139,35.4
8140,35.4
8141,35.4
8142,35.4
8143,35.4
8144,35.4
8145,35.4
8146,35.4
8147,35.4
8148,35.3
8149,35.3
8150,35.3
8151,35.4
8152,35.4
8153,35.4
8154,35.4
8155,35.3
8156,35.3
8157,35.4
8158,35.3
8159,35.3
8160,35.3
8161,35.3
8162,35.2
8163,35.2
8164,35.3
8165,35.3
8166,35.3
8167,35.3
8168,35.2
8169,35.3
8170,35.2
8171,35.2
8172,35.2
8173,35.2
8174,35.3
8175,35.2
8176,35.2
8177,35.2
8178,35.3
8179,35.3
8180,35.3
8181,35.3
8182,35.3
8183,35.3
8184,35.3
8185,35.3
8186,35.3
8187,35.3
8188,35.3
8189,35.3
8190,35.3
8191,35.3
8192,35.3
8193,35.3
8194,35.3
8195,35.3
8196,35.3
8197,35.2
8198,35.2
8199,35.3
8200,35.3
8201,35.2
8202,35.2
8203,35.2
8204,35.2
8205,35.2
8206,35.3
8207,35.3
8208,35.3
8209,35.3
8210,35.2
8211,35.2
8212,35.2
8213,35.2
8214,35.3
8215,35.3
8216,35.3
8217,35.3
8218,35.3
8219,35.2
8220,35.3
8221,35.3
8222,35.3
8223,35.3
8224,35.3
8225,35.3
8226,35.3
8227,35.3
8228,35.3
8229,35.3
8230,35.3
8231,35.2
8232,35.2
8233,35.2
8234,35.2
8235,35.3
8236,35.3
8237,35.3
8238,35.3
8239,35.3
8240,35.3
8241,35.3
8242,35.3
8243,35.3
8244,35.2
8245,35.2
8246,35.2
8247,35.3
8248,35.3
8249,35.3
8250,35.3
8251,35.3
8252,35.3
8253,35.3
8254,35.3
8255,35.3
8256,35.3
8257,35.3
8258,35.3
8259,35.3
8260,35.3
8261,35.3
8262,35.3
8263,35.4
8264,35.4
8265,35.4
8266,35.4
8267,35.4
8268,35.4
8269,35.4
8270,35.4
8271,35.4
8272,35.4
8273,35.4
8274,35.4
8275,35.4
8276,35.4
8277,35.4
8278,35.3
8279,35.3
8280,35.3
8281,35.3
8282,35.3
8283,35.3
8284,35.3
8285,35.3
8286,35.3
8287,35.3
8288,35.3
8289,35.3
8290,35.3
8291,35.3
8292,35.2
8293,35.3
8294,35.2
8295,35.3
8296,35.3
8297,35.3
8298,35.2
8299,35.2
8300,35.3
8301,35.3
8302,35.2
8303,35.3
8304,35.3
8305,35.3
8306,35.3
8307,35.3
8308,35.3
8309,35.2
8310,35.3
8311,35.3
8312,35.3
8313,35.3
8314,35.4
8315,35.4
8316,35.4
8317,35.4
8318,35.3
8319,35.4
8320,35.4
8321,35.3
8322,35.3
8323,35.3
8324,35.3
8325,35.2
8326,35.2
8327,35.2
8328,35.1
8329,35.1
8330,35.1
8331,35.2
8332,35.1
8333,35.1
8334,35.1
8335,35.1
8336,35.1
8337,35.1
8338,35.1
8339,35.1
8340,35.2
8341,35.2
8342,35.2
8343,35.2
8344,35.2
8345,35.2
8346,35.2
8347,35.2
8348,35.2
8349,35.2
8350,35.2
8351,35.2
8352,35.2
8353,35.2
8354,35.2
8355,35.2
8356,35.2
8357,35.2
8358,35.2
8359,35.2
8360,35.2
8361,35.2
8362,35.2
8363,35.2
8364,35.2
8365,35.2
8366,35.2
8367,35.2
8368,35.2
8369,35.2
8370,35.2
8371,35.2
8372,35.2
8373,35.2
8374,35.2
8375,35.2
8376,35.2
8377,35.2
8378,35.2
8379,35.1
8380,35.1
8381,35.1
8382,35.1
8383,35.1
8384,35.1
8385,35.1
8386,35.1
8387,35.1
8388,35.1
8389,35.1
8390,35.0
8391,35.1
8392,35.1
8393,35.1
8394,35.1
8395,35.2
8396,35.2
8397,35.2
8398,35.2
8399,35.2
8400,35.2
8401,35.2
8402,35.2
8403,35.2
8404,35.2
8405,35.2
8406,35.2
8407,35.2
8408,35.1
8409,35.1
8410,35.1
8411,35.1
8412,35.1
8413,35.1
8414,35.1
8415,35.1
8416,35.1
8417,35.1
8418,35.1
8419,35.1
8420,35.1
8421,35.1
8422,35.1
8423,35.1
8424,35.1
8425,35.1
8426,35.1
8427,35.1
8428,35.1
8429,35.1
8430,35.1
8431,35.1
8432,35.1
8433,35.0
8434,35.0
8435,35.0
8436,35.0
8437,35.0
8438,35.1
8439,35.0
8440,35.0
8441,35.0
8442,35.1
8443,35.0
8444,35.0
8445,35.0
8446,35.1
8447,35.0
8448,35.0
8449,35.0
8450,35.0
8451,35.1
8452,35.0
8453,35.1
8454,35.1
8455,35.1
8456,35.1
8457,35.1
8458,35.1
8459,35.1
8460,35.1
8461,35.1
8462,35.1
8463,35.0
8464,35.0
8465,35.1
8466,35.1
8467,35.0
8468,35.0
8469,35.0
8470,35.0
8471,35.0
8472,35.0
8473,35.0
8474,35.0
8475,35.0
8476,35.1
8477,35.0
8478,35.1
8479,35.1
8480,35.1
8481,35.1
8482,35.1
8483,35.1
8484,35.1
8485,35.1
8486,35.1
8487,35.1
8488,35.2
8489,35.2
8490,35.2
8491,35.1
8492,35.1
8493,35.2
8494,35.2
8495,35.2
8496,35.2
8497,35.1
8498,35.2
8499,35.1
8500,35.1
8501,35.1
8502,35.1
8503,35.1
8504,35.1
8505,35.1
8506,35.1
8507,35.1
8508,35.1
8509,35.1
8510,35.1
8511,35.1
8512,35.1
8513,35.1
8514,35.1
8515,35.1
8516,35.1
8517,35.2
8518,35.1
8519,35.1
8520,35.0
8521,35.0
8522,35.0
8523,35.0
8524,35.1
8525,35.1
8526,35.1
8527,35.1
8528,35.1
8529,35.1
8530,35.1
8531,35.1
8532,35.1
8533,35.1
8534,35.1
8535,35.0
8536,35.0
8537,35.0
8538,35.0
8539,35.0
8540,35.0
8541,35.0
8542,34.9
8543,35.0
8544,35.0
8545,35.0
8546,35.0
8547,35.0
8548,35.0
8549,35.0
8550,35.0
8551,35.1
8552,35.1
8553,35.1
8554,35.1
8555,35.0
8556,35.0
8557,35.0
8558,35.0
8559,35.0
8560,35.0
8561,35.0
8562,35.0
8563,35.0
8564,35.0
8565,35.0
8566,35.0
8567,35.0
8568,35.0
8569,35.0
8570,35.0
8571,35.0
8572,35.0
8573,35.0
8574,35.0
8575,35.0
8576,35.0
8577,34.9
8578,34.9
8579,34.9
8580,34.9
8581,34.9
8582,34.9
8583,34.9
8584,34.9
8585,34.9
8586,34.9
8587,34.9
8588,34.9
8589,34.9
8590,34.9
8591,35.0
8592,35.0
8593,35.0
8594,35.0
8595,35.1
8596,35.0
8597,35.1
8598,35.0
8599,35.1
8600,35.1
8601,35.1
8602,35.1
8603,35.1
8604,35.1
8605,35.1
8606,35.1
8607,35.1
8608,35.1
8609,35.1
8610,35.1
8611,35.1
8612,35.1
8613,35.1
8614,35.1
8615,35.1
8616,35.1
8617,35.1
8618,35.1
8619,35.1
8620,35.1
8621,35.1
8622,35.1
8623,35.1
8624,35.1
8625,35.1
8626,35.2
8627,35.1
8628,35.2
8629,35.1
8630,35.1
8631,35.1
8632,35.1
8633,35.1
8634,35.0
8635,35.0
8636,35.0
8637,35.0
8638,35.1
8639,35.1
8640,35.1
8641,35.1
8642,35.1
8643,35.0
8644,35.0
8645,35.0
8646,35.0
8647,35.0
8648,35.0
8649,35.1
8650,35.1
8651,35.0
8652,35.0
8653,35.0
8654,35.0
8655,35.0
8656,35.0
8657,35.0
8658,35.0
8659,34.9
8660,34.9
8661,34.9
8662,34.9
8663,34.9
8664,34.9
8665,34.9
8666,34.9
8667,34.9
8668,34.9
8669,34.9
8670,34.9
8671,34.9
8672,34.9
8673,34.9
8674,34.9
8675,34.9
8676,34.9
8677,34.9
8678,34.9
8679,34.9
8680,34.9
8681,34.9
8682,34.9
8683,34.9
8684,34.8
8685,34.8
8686,34.8
8687,34.8
8688,34.8
8689,34.9
8690,34.9
8691,34.9
8692,34.9
8693,34.9
8694,34.9
8695,34.9
8696,34.9
8697,34.9
8698,34.9
8699,34.9
8700,34.9
8701,34.9
8702,34.9
8703,34.9
8704,34.8
8705,34.9
8706,34.8
8707,34.9
8708,34.9
8709,34.9
8710,34.9
8711,34.9
8712,34.9
8713,34.8
8714,34.8
8715,34.9
8716,34.9
8717,34.8
8718,34.8
8719,34.8
8720,34.8
8721,34.8
8722,34.8
8723,34.8
8724,34.8
8725,34.8
8726,34.8
8727,34.8
8728,34.8
8729,34.8
8730,34.8
8731,34.9
8732,34.9
8733,34.9
8734,34.9
8735,34.9
8736,34.9
8737,35.0
8738,35.0
8739,34.9
8740,34.9
8741,34.9
8742,34.9
8743,34.8
8744,34.8
8745,34.8
8746,34.9
8747,34.9
8748,34.9
8749,34.9
8750,34.9
8751,34.9
8752,34.8
8753,34.8
8754,34.8
8755,34.8
8756,34.8
8757,34.9
8758,34.9
8759,34.9
8760,34.9
8761,34.9
8762,34.9
8763,34.9
8764,34.9
8765,34.9
8766,34.9
8767,34.9
8768,34.9
8769,34.8
8770,34.8
8771,34.8
8772,34.8
8773,34.8
8774,34.8
8775,34.8
8776,34.8
8777,34.8
8778,34.9
8779,34.9
8780,34.8
8781,34.8
8782,34.8
8783,34.8
8784,34.8
8785,34.8
8786,34.8
8787,34.8
8788,34.8
8789,34.8
8790,34.7
8791,34.8
8792,34.8
8793,34.8
8794,34.8
8795,34.8
8796,34.8
8797,34.8
8798,34.8
8799,34.8
8800,34.8
8801,34.8
8802,34.7
8803,34.8
8804,34.8
8805,34.8
8806,34.8
8807,34.8
8808,34.8
8809,34.8
8810,34.8
8811,34.8
8812,34.8
8813,34.8
8814,34.8
8815,34.7
8816,34.8
8817,34.8
8818,34.8
8819,34.8
8820,34.8
8821,34.8
8822,34.8
8823,34.8
8824,34.8
8825,34.7
8826,34.7
8827,34.7
8828,34.7
8829,34.7
8830,34.7
8831,34.7
8832,34.8
8833,34.8
8834,34.8
8835,34.9
8836,34.9
8837,34.9
8838,34.8
8839,34.8
8840,34.8
8841,34.8
8842,34.8
8843,34.7
8844,34.7
8845,34.7
8846,34.7
8847,34.8
8848,34.8
8849,34.8
8850,34.8
8851,34.8
8852,34.8
8853,34.8
8854,34.8
8855,34.8
8856,34.8
8857,34.8
8858,34.8
8859,34.8
8860,34.8
8861,34.8
8862,34.8
8863,34.8
8864,34.8
8865,34.8
8866,34.7
8867,34.7
8868,34.7
8869,34.7
8870,34.8
8871,34.8
8872,34.8
8873,34.8
8874,34.8
8875,34.8
8876,34.8
8877,34.8
8878,34.8
8879,34.8
8880,34.8
8881,34.8
8882,34.8
8883,34.8
8884,34.8
8885,34.7
8886,34.8
8887,34.8
8888,34.8
8889,34.8
8890,34.8
8891,34.8
8892,34.8
8893,34.8
8894,34.8
8895,34.7
8896,34.7
8897,34.7
8898,34.7
8899,34.7
8900,34.7
8901,34.7
8902,34.7
8903,34.7
8904,34.7
8905,34.7
8906,34.7
8907,34.7
8908,34.7
8909,34.7
8910,34.7
8911,34.6
8912,34.7
8913,34.7
8914,34.7
8915,34.6
8916,34.7
8917,34.7
8918,34.7
8919,34.7
8920,34.7
8921,34.8
8922,34.8
8923,34.8
8924,34.8
8925,34.8
8926,34.8
8927,34.8
8928,34.8
8929,34.8
8930,34.8
8931,34.8
8932,34.8
8933,34.8
8934,34.8
8935,34.8
8936,34.8
8937,34.7
8938,34.7
8939,34.7
8940,34.7
8941,34.7
8942,34.7
8943,34.8
8944,34.8
8945,34.8
8946,34.8
8947,34.8
8948,34.8
8949,34.8
8950,34.8
8951,34.8
8952,34.8
8953,34.7
8954,34.7
8955,34.7
8956,34.7
8957,34.7
8958,34.7
8959,34.7
8960,34.7
8961,34.7
8962,34.7
8963,34.7
8964,34.7
8965,34.7
8966,34.7
8967,34.7
8968,34.7
8969,34.7
8970,34.6
8971,34.7
8972,34.7
8973,34.7
8974,34.7
8975,34.7
8976,34.7
8977,34.7
8978,34.6
8979,34.7
8980,34.6
8981,34.6
8982,34.6
8983,34.6
8984,34.6
8985,34.6
8986,34.7
8987,34.7
8988,34.7
8989,34.7
8990,34.7
8991,34.7
8992,34.7
8993,34.7
8994,34.7
8995,34.7
8996,34.7
8997,34.7
8998,34.7
8999,34.7
9000,34.7
9001,34.7
9002,34.7
9003,34.7
9004,34.6
9005,34.6
9006,34.6
9007,34.6
9008,34.6
9009,34.6
9010,34.6
9011,34.6
9012,34.6
9013,34.6
9014,34.6
9015,34.6
9016,34.6
9017,34.6
9018,34.6
9019,34.6
9020,34.6
9021,34.7
9022,34.7
9023,34.7
9024,34.7
9025,34.7
9026,34.7
9027,34.7
9028,34.7
9029,34.7
9030,34.7
9031,34.7
9032,34.7
9033,34.7
9034,34.7
9035,34.7
9036,34.7
9037,34.7
9038,34.6
9039,34.7
9040,34.7
9041,34.7
9042,34.6
9043,34.7
9044,34.7
9045,34.6
9046,34.6
9047,34.6
9048,34.6
9049,34.6
9050,34.6
9051,34.6
9052,34.7
9053,34.7
9054,34.6
9055,34.6
9056,34.6
9057,34.6
9058,34.6
9059,34.6
9060,34.6
9061,34.6
9062,34.6
9063,34.6
9064,34.6
9065,34.6
9066,34.6
9067,34.6
9068,34.6
9069,34.6
9070,34.6
9071,34.6
9072,34.6
9073,34.6
9074,34.6
9075,34.5
9076,34.5
9077,34.5
9078,34.5
9079,34.5
9080,34.5
9081,34.5
9082,34.5
9083,34.5
9084,34.6
9085,34.5
9086,34.5
9087,34.6
9088,34.6
9089,34.6
9090,34.6
9091,34.5
9092,34.6
9093,34.6
9094,34.6
9095,34.6
9096,34.6
9097,34.6
9098,34.6
9099,34.6
9100,34.6
9101,34.6
9102,34.6
9103,34.6
9104,34.6
9105,34.6
9106,34.6
9107,34.5
9108,34.5
9109,34.5
9110,34.5
9111,34.5
9112,34.5
9113,34.5
9114,34.5
9115,34.5
9116,34.5
9117,34.5
9118,34.5
9119,34.6
9120,34.5
9121,34.5
9122,34.5
9123,34.5
9124,34.5
9125,34.6
9126,34.5
9127,34.5
9128,34.5
9129,34.5
9130,34.5
9131,34.5
9132,34.4
9133,34.5
9134,34.5
9135,34.5
9136,34.5
9137,34.5
9138,34.5
9139,34.5
9140,34.5
9141,34.5
9142,34.5
9143,34.6
9144,34.6
9145,34.6
9146,34.6
9147,34.6
9148,34.6
9149,34.6
9150,34.6
9151,34.5
9152,34.5
9153,34.5
9154,34.5
9155,34.5
9156,34.5
9157,34.5
9158,34.5
9159,34.5
9160,34.5
9161,34.5
9162,34.6
9163,34.6
9164,34.6
9165,34.6
9166,34.6
9167,34.6
9168,34.6
9169,34.6
9170,34.6
9171,34.6
9172,34.5
9173,34.5
9174,34.5
9175,34.6
9176,34.5
9177,34.5
9178,34.5
9179,34.5
9180,34.5
9181,34.5
9182,34.5
9183,34.5
9184,34.5
9185,34.4
9186,34.5
9187,34.5
9188,34.5
9189,34.5
9190,34.5
9191,34.5
9192,34.5
9193,34.5
9194,34.4
9195,34.4
9196,34.4
9197,34.5
9198,34.4
9199,34.4
9200,34.4
9201,34.4
9202,34.4
9203,34.4
9204,34.4
9205,34.4
9206,34.4
9207,34.4
9208,34.4
9209,34.4
9210,34.4
9211,34.4
9212,34.4
9213,34.4
9214,34.4
9215,34.4
9216,34.4
9217,34.5
9218,34.5
9219,34.5
9220,34.5
9221,34.5
9222,34.5
9223,34.5
9224,34.5
9225,34.5
9226,34.5
9227,34.5
9228,34.5
9229,34.5
9230,34.5
9231,34.5
9232,34.5
9233,34.5
9234,34.5
9235,34.5
9236,34.5
9237,34.5
9238,34.5
9239,34.5
9240,34.5
9241,34.5
9242,34.5
9243,34.5
9244,34.5
9245,34.5
9246,34.5
9247,34.5
9248,34.5
9249,34.5
9250,34.5
9251,34.5
9252,34.4
9253,34.4
9254,34.4
9255,34.4
9256,34.4
9257,34.4
9258,34.4
9259,34.4
9260,34.4
9261,34.4
9262,34.4
9263,34.4
9264,34.4
9265,34.4
9266,34.4
9267,34.4
9268,34.4
9269,34.4
9270,34.4
9271,34.4
9272,34.4
9273,34.5
9274,34.5
9275,34.5
9276,34.5
9277,34.5
9278,34.5
9279,34.5
9280,34.5
9281,34.5
9282,34.5
9283,34.5
9284,34.5
9285,34.5
9286,34.5
9287,34.5
9288,34.5
9289,34.5
9290,34.5
9291,34.5
9292,34.5
9293,34.5
9294,34.5
9295,34.5
9296,34.5
9297,34.5
9298,34.5
9299,34.5
9300,34.5
9301,34.5
9302,34.5
9303,34.5
9304,34.6
9305,34.5
9306,34.5
9307,34.5
9308,34.5
9309,34.5
9310,34.5
9311,34.5
9312,34.5
9313,34.5
9314,34.5
9315,34.5
9316,34.5
9317,34.5
9318,34.5
9319,34.5
9320,34.5
9321,34.5
9322,34.5
9323,34.5
9324,34.5
9325,34.5
9326,34.5
9327,34.5
9328,34.4
9329,34.5
9330,34.5
9331,34.5
9332,34.5
9333,34.5
9334,34.5
9335,34.5
9336,34.4
9337,34.4
9338,34.4
9339,34.4
9340,34.4
9341,34.4
9342,34.4
9343,34.5
9344,34.4
9345,34.4
9346,34.4
9347,34.4
9348,34.4
9349,34.4
9350,34.4
9351,34.4
9352,34.4
9353,34.4
9354,34.4
9355,34.4
9356,34.3
9357,34.3
9358,34.3
9359,34.3
9360,34.3
9361,34.3
9362,34.3
9363,34.3
9364,34.3
9365,34.3
9366,34.2
9367,34.2
9368,34.3
9369,34.3
9370,34.3
9371,34.3
9372,34.3
9373,34.3
9374,34.3
9375,34.3
9376,34.3
9377,34.3
9378,34.3
9379,34.3
9380,34.3
9381,34.3
9382,34.3
9383,34.3
9384,34.3
9385,34.3
9386,34.3
9387,34.3
9388,34.3
9389,34.3
9390,34.3
9391,34.3
9392,34.3
9393,34.3
9394,34.3
9395,34.3
9396,34.3
9397,34.3
9398,34.3
9399,34.3
9400,34.3
9401,34.4
9402,34.3
9403,34.3
9404,34.3
9405,34.3
9406,34.3
9407,34.3
9408,34.3
9409,34.3
9410,34.3
9411,34.3
9412,34.3
9413,34.3
9414,34.3
9415,34.3
9416,34.3
9417,34.3
9418,34.3
9419,34.3
9420,34.3
9421,34.3
9422,34.3
9423,34.3
9424,34.3
9425,34.3
9426,34.3
9427,34.3
9428,34.3
9429,34.2
9430,34.2
9431,34.3
9432,34.2
9433,34.2
9434,34.2
9435,34.3
9436,34.3
9437,34.3
9438,34.3
9439,34.3
9440,34.3
9441,34.3
9442,34.2
9443,34.3
9444,34.3
9445,34.3
9446,34.3
9447,34.3
9448,34.3
9449,34.3
9450,34.3
9451,34.3
9452,34.3
9453,34.3
9454,34.3
9455,34.3
9456,34.3
9457,34.3
9458,34.2
9459,34.3
9460,34.3
9461,34.3
9462,34.3
9463,34.3
9464,34.3
9465,34.3
9466,34.3
9467,34.3
9468,34.3
9469,34.2
9470,34.2
9471,34.2
9472,34.2
9473,34.2
9474,34.2
9475,34.2
9476,34.2
9477,34.2
9478,34.2
9479,34.3
9480,34.2
9481,34.2
9482,34.2
9483,34.2
9484,34.2
9485,34.2
9486,34.2
9487,34.2
9488,34.2
9489,34.2
9490,34.2
9491,34.2
9492,34.3
9493,34.3
9494,34.3
9495,34.3
9496,34.3
9497,34.2
9498,34.3
9499,34.2
9500,34.2
9501,34.2
9502,34.2
9503,34.2
9504,34.2
9505,34.2
9506,34.2
9507,34.2
9508,34.2
9509,34.2
9510,34.2
9511,34.2
9512,34.3
9513,34.2
9514,34.2
9515,34.2
9516,34.2
9517,34.2
9518,34.2
9519,34.2
9520,34.3
9521,34.2
9522,34.2
9523,34.2
9524,34.2
9525,34.2
9526,34.2
9527,34.2
9528,34.2
9529,34.2
9530,34.2
9531,34.2
9532,34.2
9533,34.2
9534,34.2
9535,34.2
9536,34.2
9537,34.2
9538,34.2
9539,34.2
9540,34.2
9541,34.2
9542,34.1
9543,34.2
9544,34.2
9545,34.2
9546,34.2
9547,34.2
9548,34.2
9549,34.2
9550,34.2
9551,34.2
9552,34.3
9553,34.2
9554,34.3
9555,34.3
9556,34.3
9557,34.3
9558,34.3
9559,34.3
9560,34.3
9561,34.2
9562,34.3
9563,34.2
9564,34.2
9565,34.2
9566,34.2
9567,34.2
9568,34.3
9569,34.3
9570,34.3
9571,34.3
9572,34.3
9573,34.2
9574,34.2
9575,34.2
9576,34.2
9577,34.2
9578,34.2
9579,34.2
9580,34.2
9581,34.2
9582,34.2
9583,34.2
9584,34.2
9585,34.2
9586,34.2
9587,34.2
9588,34.2
9589,34.2
9590,34.2
9591,34.2
9592,34.1
9593,34.1
9594,34.1
9595,34.1
9596,34.1
9597,34.1
9598,34.1
9599,34.1
9600,34.1
9601,34.1
9602,34.1
9603,34.2
9604,34.2
9605,34.2
9606,34.2
9607,34.2
9608,34.2
9609,34.2
9610,34.2
9611,34.1
9612,34.1
9613,34.2
9614,34.1
9615,34.1
9616,34.1
9617,34.1
9618,34.1
9619,34.1
9620,34.1
9621,34.1
9622,34.1
9623,34.1
9624,34.1
9625,34.1
9626,34.1
9627,34.1
9628,34.1
9629,34.1
9630,34.1
9631,34.1
9632,34.1
9633,34.1
9634,34.1
9635,34.1
9636,34.1
9637,34.1
9638,34.1
9639,34.1
9640,34.1
9641,34.1
9642,34.1
9643,34.1
9644,34.1
9645,34.1
9646,34.1
9647,34.1
9648,34.1
9649,34.1
9650,34.1
9651,34.2
9652,34.2
9653,34.1
9654,34.1
9655,34.1
9656,34.1
9657,34.1
9658,34.1
9659,34.1
9660,34.1
9661,34.1
9662,34.1
9663,34.1
9664,34.1
9665,34.1
9666,34.1
9667,34.1
9668,34.1
9669,34.1
9670,34.1
9671,34.1
9672,34.1
9673,34.1
9674,34.1
9675,34.1
9676,34.1
9677,34.1
9678,34.1
9679,34.1
9680,34.1
9681,34.2
9682,34.1
9683,34.1
9684,34.1
9685,34.1
9686,34.1
9687,34.1
9688,34.1
9689,34.1
9690,34.1
9691,34.1
9692,34.1
9693,34.1
9694,34.2
9695,34.1
9696,34.1
9697,34.1
9698,34.1
9699,34.2
9700,34.2
9701,34.2
9702,34.2
9703,34.2
9704,34.2
9705,34.2
9706,34.2
9707,34.1
9708,34.1
9709,34.1
9710,34.1
9711,34.1
9712,34.1
9713,34.1
9714,34.1
9715,34.1
9716,34.1
9717,34.1
9718,34.0
9719,34.0
9720,34.0
9721,34.0
9722,34.0
9723,34.0
9724,34.0
9725,34.0
9726,34.0
9727,34.0
9728,34.1
9729,34.1
9730,34.1
9731,34.1
9732,34.1
9733,34.1
9734,34.1
9735,34.1
9736,34.1
9737,34.1
9738,34.1
9739,34.1
9740,34.1
9741,34.1
9742,34.1
9743,34.1
9744,34.1
9745,34.1
9746,34.1
9747,34.1
9748,34.1
9749,34.1
9750,34.1
9751,34.1
9752,34.1
9753,34.1
9754,34.1
9755,34.1
9756,34.1
9757,34.0
9758,34.0
9759,34.0
9760,34.0
9761,34.0
9762,34.0
9763,34.0
9764,34.0
9765,34.0
9766,34.1
9767,34.1
9768,34.1
9769,34.0
9770,34.0
9771,34.1
9772,34.0
9773,34.0
9774,34.1
9775,34.1
9776,34.1
9777,34.0
9778,34.0
9779,34.0
9780,34.0
9781,34.0
9782,34.0
9783,33.9
9784,34.0
9785,34.0
9786,34.0
9787,34.0
9788,34.0
9789,34.0
9790,34.0
9791,34.0
9792,34.0
9793,34.0
9794,34.0
9795,34.0
9796,34.0
9797,34.0
9798,34.0
9799,34.0
9800,34.0
9801,33.9
9802,33.9
9803,34.0
9804,33.9
9805,33.9
9806,33.9
9807,33.9
9808,33.9
9809,34.0
9810,33.9
9811,33.9
9812,33.9
9813,33.9
9814,33.9
9815,33.9
9816,33.9
9817,33.9
9818,34.0
9819,33.9
9820,33.9
9821,33.9
9822,33.9
9823,33.9
9824,33.9
9825,33.9
9826,34.0
9827,34.0
9828,33.9
9829,33.9
9830,33.9
9831,33.9
9832,33.9
9833,33.9
9834,33.9
9835,33.9
9836,33.9
9837,33.9
9838,33.9
9839,33.9
9840,33.9
9841,34.0
9842,34.0
9843,33.9
9844,33.9
9845,33.9
9846,33.9
9847,33.9
9848,33.9
9849,33.9
9850,33.9
9851,33.9
9852,33.9
9853,33.9
9854,33.9
9855,33.9
9856,33.9
9857,33.9
9858,33.9
9859,33.9
9860,33.9
9861,33.9
9862,33.9
9863,33.9
9864,33.9
9865,33.9
9866,33.9
9867,33.9
9868,33.9
9869,33.9
9870,33.9
9871,33.9
9872,34.0
9873,33.9
9874,34.0
9875,34.0
9876,34.0
9877,34.0
9878,34.0
9879,34.0
9880,34.0
9881,34.0
9882,34.0
9883,33.9
9884,33.9
9885,33.9
